uid,grid_id,year,month,srad_mj_m2_day
"[1.0, 2016, 01]",1.0,2016,1.0,2566.4769351055515
"[1.0, 2016, 02]",1.0,2016,2.0,2857.0914777169664
"[1.0, 2016, 03]",1.0,2016,3.0,2323.3792025019548
"[1.0, 2016, 04]",1.0,2016,4.0,1919.3448006254887
"[1.0, 2016, 05]",1.0,2016,5.0,1568.2220484753714
"[1.0, 2016, 06]",1.0,2016,6.0,1422.430023455825
"[1.0, 2016, 07]",1.0,2016,7.0,1470.0508209538702
"[1.0, 2016, 08]",1.0,2016,8.0,1888.1102423768568
"[1.0, 2016, 09]",1.0,2016,9.0,2321.2494136043783
"[1.0, 2016, 10]",1.0,2016,10.0,2643.6067240031275
"[1.0, 2016, 11]",1.0,2016,11.0,2368.9163408913214
"[1.0, 2016, 12]",1.0,2016,12.0,2265.4605160281467
"[2.0, 2016, 01]",2.0,2016,1.0,2406.426552547771
"[2.0, 2016, 02]",2.0,2016,2.0,2765.920183121019
"[2.0, 2016, 03]",2.0,2016,3.0,2229.991242038216
"[2.0, 2016, 04]",2.0,2016,4.0,1885.5003980891715
"[2.0, 2016, 05]",2.0,2016,5.0,1492.3652468152866
"[2.0, 2016, 06]",2.0,2016,6.0,1417.7567675159235
"[2.0, 2016, 07]",2.0,2016,7.0,1491.199243630573
"[2.0, 2016, 08]",2.0,2016,8.0,1844.514132165605
"[2.0, 2016, 09]",2.0,2016,9.0,2343.7052149681526
"[2.0, 2016, 10]",2.0,2016,10.0,2666.99701433121
"[2.0, 2016, 11]",2.0,2016,11.0,2360.3807722929932
"[2.0, 2016, 12]",2.0,2016,12.0,2360.93152866242
"[3.0, 2016, 01]",3.0,2016,1.0,2368.891319207109
"[3.0, 2016, 02]",3.0,2016,2.0,2694.4846206425154
"[3.0, 2016, 03]",3.0,2016,3.0,2182.3984962406016
"[3.0, 2016, 04]",3.0,2016,4.0,1882.1312371838687
"[3.0, 2016, 05]",3.0,2016,5.0,1495.1838687628162
"[3.0, 2016, 06]",3.0,2016,6.0,1402.3438140806563
"[3.0, 2016, 07]",3.0,2016,7.0,1503.235133287765
"[3.0, 2016, 08]",3.0,2016,8.0,1846.5481886534517
"[3.0, 2016, 09]",3.0,2016,9.0,2380.527682843472
"[3.0, 2016, 10]",3.0,2016,10.0,2705.7402597402597
"[3.0, 2016, 11]",3.0,2016,11.0,2382.409432672591
"[3.0, 2016, 12]",3.0,2016,12.0,2354.4606971975395
"[4.0, 2016, 01]",4.0,2016,1.0,2845.359447004608
"[4.0, 2016, 02]",4.0,2016,2.0,2878.6425279789337
"[4.0, 2016, 03]",4.0,2016,3.0,2716.872613561554
"[4.0, 2016, 04]",4.0,2016,4.0,2638.0424621461484
"[4.0, 2016, 05]",4.0,2016,5.0,2024.3074391046741
"[4.0, 2016, 06]",4.0,2016,6.0,2116.097761685319
"[4.0, 2016, 07]",4.0,2016,7.0,2228.09874917709
"[4.0, 2016, 08]",4.0,2016,8.0,2489.217577353522
"[4.0, 2016, 09]",4.0,2016,9.0,2548.5141540487166
"[4.0, 2016, 10]",4.0,2016,10.0,3052.2527978933504
"[4.0, 2016, 11]",4.0,2016,11.0,2976.5737327188936
"[4.0, 2016, 12]",4.0,2016,12.0,2302.5332455562875
"[5.0, 2016, 01]",5.0,2016,1.0,2727.8480783176215
"[5.0, 2016, 02]",5.0,2016,2.0,2688.434735315446
"[5.0, 2016, 03]",5.0,2016,3.0,2573.485315445975
"[5.0, 2016, 04]",5.0,2016,4.0,2588.738216098622
"[5.0, 2016, 05]",5.0,2016,5.0,2083.7545322697606
"[5.0, 2016, 06]",5.0,2016,6.0,2145.5801305293685
"[5.0, 2016, 07]",5.0,2016,7.0,2252.156453952139
"[5.0, 2016, 08]",5.0,2016,8.0,2472.71609862219
"[5.0, 2016, 09]",5.0,2016,9.0,2394.8237853517044
"[5.0, 2016, 10]",5.0,2016,10.0,2694.311820159536
"[5.0, 2016, 11]",5.0,2016,11.0,2762.850072516316
"[5.0, 2016, 12]",5.0,2016,12.0,2165.1829224075414
"[6.0, 2016, 01]",6.0,2016,1.0,2731.4375
"[6.0, 2016, 02]",6.0,2016,2.0,2652.875
"[6.0, 2016, 03]",6.0,2016,3.0,2558.0
"[6.0, 2016, 04]",6.0,2016,4.0,2601.25
"[6.0, 2016, 05]",6.0,2016,5.0,2086.5
"[6.0, 2016, 06]",6.0,2016,6.0,2128.875
"[6.0, 2016, 07]",6.0,2016,7.0,2240.6875
"[6.0, 2016, 08]",6.0,2016,8.0,2467.0625
"[6.0, 2016, 09]",6.0,2016,9.0,2406.4375
"[6.0, 2016, 10]",6.0,2016,10.0,2666.875
"[6.0, 2016, 11]",6.0,2016,11.0,2773.9375
"[6.0, 2016, 12]",6.0,2016,12.0,2216.75
"[7.0, 2016, 01]",7.0,2016,1.0,2376.6953981008032
"[7.0, 2016, 02]",7.0,2016,2.0,2047.8882395909418
"[7.0, 2016, 03]",7.0,2016,3.0,1792.043097151205
"[7.0, 2016, 04]",7.0,2016,4.0,1630.7392257121987
"[7.0, 2016, 05]",7.0,2016,5.0,1947.088020452885
"[7.0, 2016, 06]",7.0,2016,6.0,1818.0441928414898
"[7.0, 2016, 07]",7.0,2016,7.0,1520.1745799853907
"[7.0, 2016, 08]",7.0,2016,8.0,1633.8849525200874
"[7.0, 2016, 09]",7.0,2016,9.0,1672.4660336011684
"[7.0, 2016, 10]",7.0,2016,10.0,1894.027757487217
"[7.0, 2016, 11]",7.0,2016,11.0,2188.599707815924
"[7.0, 2016, 12]",7.0,2016,12.0,1873.4397370343313
"[8.0, 2016, 01]",8.0,2016,1.0,2605.2943838477613
"[8.0, 2016, 02]",8.0,2016,2.0,2362.1522394987246
"[8.0, 2016, 03]",8.0,2016,3.0,2136.2340450220477
"[8.0, 2016, 04]",8.0,2016,4.0,2076.3776978417272
"[8.0, 2016, 05]",8.0,2016,5.0,1998.2875377117666
"[8.0, 2016, 06]",8.0,2016,6.0,1847.8232768623818
"[8.0, 2016, 07]",8.0,2016,7.0,1773.342770944536
"[8.0, 2016, 08]",8.0,2016,8.0,1942.0143884892095
"[8.0, 2016, 09]",8.0,2016,9.0,1964.4489440705509
"[8.0, 2016, 10]",8.0,2016,10.0,2292.496867022512
"[8.0, 2016, 11]",8.0,2016,11.0,2459.31933163147
"[8.0, 2016, 12]",8.0,2016,12.0,2150.3180552332333
"[9.0, 2016, 01]",9.0,2016,1.0,2616.5589811072464
"[9.0, 2016, 02]",9.0,2016,2.0,2313.0451170222764
"[9.0, 2016, 03]",9.0,2016,3.0,2109.2005827615376
"[9.0, 2016, 04]",9.0,2016,4.0,2065.8509258388945
"[9.0, 2016, 05]",9.0,2016,5.0,2015.641507660494
"[9.0, 2016, 06]",9.0,2016,6.0,1863.9190713412913
"[9.0, 2016, 07]",9.0,2016,7.0,1773.6002443838704
"[9.0, 2016, 08]",9.0,2016,8.0,1939.7777986652882
"[9.0, 2016, 09]",9.0,2016,9.0,1950.8919071341288
"[9.0, 2016, 10]",9.0,2016,10.0,2302.1922173136572
"[9.0, 2016, 11]",9.0,2016,11.0,2489.794811542438
"[9.0, 2016, 12]",9.0,2016,12.0,2177.4529561048967
"[10.0, 2016, 01]",10.0,2016,1.0,2616.0994932257727
"[10.0, 2016, 02]",10.0,2016,2.0,2398.639880028958
"[10.0, 2016, 03]",10.0,2016,3.0,2159.6349157100003
"[10.0, 2016, 04]",10.0,2016,4.0,2073.713827696762
"[10.0, 2016, 05]",10.0,2016,5.0,1984.0579170545027
"[10.0, 2016, 06]",10.0,2016,6.0,1833.6439135381113
"[10.0, 2016, 07]",10.0,2016,7.0,1768.3777019340152
"[10.0, 2016, 08]",10.0,2016,8.0,1933.3307477505425
"[10.0, 2016, 09]",10.0,2016,9.0,1971.8040128244897
"[10.0, 2016, 10]",10.0,2016,10.0,2268.978074257937
"[10.0, 2016, 11]",10.0,2016,11.0,2443.205812390112
"[10.0, 2016, 12]",10.0,2016,12.0,2152.698107353397
"[11.0, 2016, 01]",11.0,2016,1.0,2145.823049219689
"[11.0, 2016, 02]",11.0,2016,2.0,1858.2219687875152
"[11.0, 2016, 03]",11.0,2016,3.0,1711.1506602641057
"[11.0, 2016, 04]",11.0,2016,4.0,1571.2831932773113
"[11.0, 2016, 05]",11.0,2016,5.0,2012.2957983193282
"[11.0, 2016, 06]",11.0,2016,6.0,1778.0060024009613
"[11.0, 2016, 07]",11.0,2016,7.0,1450.7855942376957
"[11.0, 2016, 08]",11.0,2016,8.0,1383.0503001200484
"[11.0, 2016, 09]",11.0,2016,9.0,1576.647539015607
"[11.0, 2016, 10]",11.0,2016,10.0,1738.5553421368554
"[11.0, 2016, 11]",11.0,2016,11.0,2064.814525810325
"[11.0, 2016, 12]",11.0,2016,12.0,1777.4260504201684
"[12.0, 2016, 01]",12.0,2016,1.0,2075.128115999603
"[12.0, 2016, 02]",12.0,2016,2.0,1861.8085212036954
"[12.0, 2016, 03]",12.0,2016,3.0,1697.4099711987283
"[12.0, 2016, 04]",12.0,2016,4.0,1565.175687754494
"[12.0, 2016, 05]",12.0,2016,5.0,2042.771576124739
"[12.0, 2016, 06]",12.0,2016,6.0,1794.5672857284735
"[12.0, 2016, 07]",12.0,2016,7.0,1495.3740192670573
"[12.0, 2016, 08]",12.0,2016,8.0,1322.6831860164864
"[12.0, 2016, 09]",12.0,2016,9.0,1624.4434402621907
"[12.0, 2016, 10]",12.0,2016,10.0,1739.7166550799484
"[12.0, 2016, 11]",12.0,2016,11.0,2050.452577217202
"[12.0, 2016, 12]",12.0,2016,12.0,1755.0806435594393
"[13.0, 2016, 01]",13.0,2016,1.0,2595.2677881963596
"[13.0, 2016, 02]",13.0,2016,2.0,2457.504688361831
"[13.0, 2016, 03]",13.0,2016,3.0,2284.7435190292335
"[13.0, 2016, 04]",13.0,2016,4.0,1955.314120242692
"[13.0, 2016, 05]",13.0,2016,5.0,2011.0890788747931
"[13.0, 2016, 06]",13.0,2016,6.0,1647.9015444015445
"[13.0, 2016, 07]",13.0,2016,7.0,1678.8477661334805
"[13.0, 2016, 08]",13.0,2016,8.0,1888.8717595146168
"[13.0, 2016, 09]",13.0,2016,9.0,2026.3957528957526
"[13.0, 2016, 10]",13.0,2016,10.0,2123.9649751792613
"[13.0, 2016, 11]",13.0,2016,11.0,2420.9437396580256
"[13.0, 2016, 12]",13.0,2016,12.0,2110.8276337562056
"[14.0, 2016, 01]",14.0,2016,1.0,2583.09823023218
"[14.0, 2016, 02]",14.0,2016,2.0,2460.578340639714
"[14.0, 2016, 03]",14.0,2016,3.0,2274.0706283487575
"[14.0, 2016, 04]",14.0,2016,4.0,1955.4705309303456
"[14.0, 2016, 05]",14.0,2016,5.0,2004.4995940899494
"[14.0, 2016, 06]",14.0,2016,6.0,1639.197921740542
"[14.0, 2016, 07]",14.0,2016,7.0,1651.030849163825
"[14.0, 2016, 08]",14.0,2016,8.0,1846.9659035557718
"[14.0, 2016, 09]",14.0,2016,9.0,1986.5663257022243
"[14.0, 2016, 10]",14.0,2016,10.0,2093.4205228121446
"[14.0, 2016, 11]",14.0,2016,11.0,2392.2700113654814
"[14.0, 2016, 12]",14.0,2016,12.0,2095.7731774638737
"[15.0, 2016, 01]",15.0,2016,1.0,2462.5
"[15.0, 2016, 02]",15.0,2016,2.0,2409.5833333333335
"[15.0, 2016, 03]",15.0,2016,3.0,2229.5416666666665
"[15.0, 2016, 04]",15.0,2016,4.0,1893.9166666666667
"[15.0, 2016, 05]",15.0,2016,5.0,1996.0833333333333
"[15.0, 2016, 06]",15.0,2016,6.0,1606.375
"[15.0, 2016, 07]",15.0,2016,7.0,1601.0
"[15.0, 2016, 08]",15.0,2016,8.0,1812.2916666666667
"[15.0, 2016, 09]",15.0,2016,9.0,1910.5
"[15.0, 2016, 10]",15.0,2016,10.0,2025.875
"[15.0, 2016, 11]",15.0,2016,11.0,2327.0
"[15.0, 2016, 12]",15.0,2016,12.0,2073.2083333333335
"[16.0, 2016, 01]",16.0,2016,1.0,2300.564025098768
"[16.0, 2016, 02]",16.0,2016,2.0,1949.1861491982338
"[16.0, 2016, 03]",16.0,2016,3.0,1936.1787125261444
"[16.0, 2016, 04]",16.0,2016,4.0,1815.511503602138
"[16.0, 2016, 05]",16.0,2016,5.0,1832.4891935858702
"[16.0, 2016, 06]",16.0,2016,6.0,1652.3776435045318
"[16.0, 2016, 07]",16.0,2016,7.0,1582.3411573320939
"[16.0, 2016, 08]",16.0,2016,8.0,1621.6816174761793
"[16.0, 2016, 09]",16.0,2016,9.0,1649.2370439228444
"[16.0, 2016, 10]",16.0,2016,10.0,1848.7562165930747
"[16.0, 2016, 11]",16.0,2016,11.0,2007.949337671392
"[16.0, 2016, 12]",16.0,2016,12.0,2009.4078549848944
"[17.0, 2016, 01]",17.0,2016,1.0,2166.3473073030423
"[17.0, 2016, 02]",17.0,2016,2.0,1857.5116923240826
"[17.0, 2016, 03]",17.0,2016,3.0,1847.8483992968627
"[17.0, 2016, 04]",17.0,2016,4.0,1769.4228413146536
"[17.0, 2016, 05]",17.0,2016,5.0,1796.0993980716985
"[17.0, 2016, 06]",17.0,2016,6.0,1639.4989612741704
"[17.0, 2016, 07]",17.0,2016,7.0,1549.5154210834708
"[17.0, 2016, 08]",17.0,2016,8.0,1620.5061524529906
"[17.0, 2016, 09]",17.0,2016,9.0,1635.1040856549298
"[17.0, 2016, 10]",17.0,2016,10.0,1785.0063388909605
"[17.0, 2016, 11]",17.0,2016,11.0,1919.5817930005871
"[17.0, 2016, 12]",17.0,2016,12.0,1973.824748308741
"[18.0, 2016, 01]",18.0,2016,1.0,2186.730112666439
"[18.0, 2016, 02]",18.0,2016,2.0,1857.1304199385454
"[18.0, 2016, 03]",18.0,2016,3.0,1862.8890406282005
"[18.0, 2016, 04]",18.0,2016,4.0,1783.069136223967
"[18.0, 2016, 05]",18.0,2016,5.0,1812.0539433253666
"[18.0, 2016, 06]",18.0,2016,6.0,1659.5675998634347
"[18.0, 2016, 07]",18.0,2016,7.0,1560.664902697166
"[18.0, 2016, 08]",18.0,2016,8.0,1615.8704335950838
"[18.0, 2016, 09]",18.0,2016,9.0,1633.4960737453055
"[18.0, 2016, 10]",18.0,2016,10.0,1790.4334243769204
"[18.0, 2016, 11]",18.0,2016,11.0,1931.888699214749
"[18.0, 2016, 12]",18.0,2016,12.0,1982.3762376237626
"[19.0, 2016, 01]",19.0,2016,1.0,2141.6750838429666
"[19.0, 2016, 02]",19.0,2016,2.0,2058.632669165516
"[19.0, 2016, 03]",19.0,2016,3.0,1975.083251134346
"[19.0, 2016, 04]",19.0,2016,4.0,1740.747681988558
"[19.0, 2016, 05]",19.0,2016,5.0,1820.6502268692052
"[19.0, 2016, 06]",19.0,2016,6.0,1529.8453343854806
"[19.0, 2016, 07]",19.0,2016,7.0,1519.7610968632866
"[19.0, 2016, 08]",19.0,2016,8.0,1670.9202998619053
"[19.0, 2016, 09]",19.0,2016,9.0,1683.4979285855195
"[19.0, 2016, 10]",19.0,2016,10.0,1824.8984020516868
"[19.0, 2016, 11]",19.0,2016,11.0,2075.3509567962124
"[19.0, 2016, 12]",19.0,2016,12.0,2018.04280923259
"[20.0, 2016, 01]",20.0,2016,1.0,2158.4766241651487
"[20.0, 2016, 02]",20.0,2016,2.0,1981.5551912568305
"[20.0, 2016, 03]",20.0,2016,3.0,1914.753491196114
"[20.0, 2016, 04]",20.0,2016,4.0,1750.646144505161
"[20.0, 2016, 05]",20.0,2016,5.0,1802.1117182756527
"[20.0, 2016, 06]",20.0,2016,6.0,1562.3952641165754
"[20.0, 2016, 07]",20.0,2016,7.0,1514.5124468731026
"[20.0, 2016, 08]",20.0,2016,8.0,1633.628536733455
"[20.0, 2016, 09]",20.0,2016,9.0,1651.8035215543412
"[20.0, 2016, 10]",20.0,2016,10.0,1802.2427443837278
"[20.0, 2016, 11]",20.0,2016,11.0,2002.0901032179718
"[20.0, 2016, 12]",20.0,2016,12.0,1999.2721311475407
"[21.0, 2016, 01]",21.0,2016,1.0,2132.8195434521426
"[21.0, 2016, 02]",21.0,2016,2.0,1882.458950740889
"[21.0, 2016, 03]",21.0,2016,3.0,1851.9593912695236
"[21.0, 2016, 04]",21.0,2016,4.0,1751.631397677213
"[21.0, 2016, 05]",21.0,2016,5.0,1789.5118141770126
"[21.0, 2016, 06]",21.0,2016,6.0,1604.4997997597115
"[21.0, 2016, 07]",21.0,2016,7.0,1533.6179415298357
"[21.0, 2016, 08]",21.0,2016,8.0,1627.9046856227474
"[21.0, 2016, 09]",21.0,2016,9.0,1644.2889066880255
"[21.0, 2016, 10]",21.0,2016,10.0,1777.0839407288747
"[21.0, 2016, 11]",21.0,2016,11.0,1936.9286343612337
"[21.0, 2016, 12]",21.0,2016,12.0,1973.962114537445
"[22.0, 2016, 01]",22.0,2016,1.0,1783.5869881521505
"[22.0, 2016, 02]",22.0,2016,2.0,1588.971939305757
"[22.0, 2016, 03]",22.0,2016,3.0,1837.7472458948234
"[22.0, 2016, 04]",22.0,2016,4.0,2143.210974849303
"[22.0, 2016, 05]",22.0,2016,5.0,2137.8395344003316
"[22.0, 2016, 06]",22.0,2016,6.0,2039.8740386614002
"[22.0, 2016, 07]",22.0,2016,7.0,2141.372064019953
"[22.0, 2016, 08]",22.0,2016,8.0,2341.5011432134684
"[22.0, 2016, 09]",22.0,2016,9.0,2263.905425067553
"[22.0, 2016, 10]",22.0,2016,10.0,1997.428393265433
"[22.0, 2016, 11]",22.0,2016,11.0,2198.345458324672
"[22.0, 2016, 12]",22.0,2016,12.0,1974.5075867802943
"[23.0, 2016, 01]",23.0,2016,1.0,1767.062776098582
"[23.0, 2016, 02]",23.0,2016,2.0,1614.6835619623346
"[23.0, 2016, 03]",23.0,2016,3.0,1823.5833527086727
"[23.0, 2016, 04]",23.0,2016,4.0,2166.9049058358523
"[23.0, 2016, 05]",23.0,2016,5.0,2141.2952801674032
"[23.0, 2016, 06]",23.0,2016,6.0,2024.8416647291328
"[23.0, 2016, 07]",23.0,2016,7.0,2144.475935828877
"[23.0, 2016, 08]",23.0,2016,8.0,2352.775401069519
"[23.0, 2016, 09]",23.0,2016,9.0,2226.5970704487336
"[23.0, 2016, 10]",23.0,2016,10.0,1989.3089979074637
"[23.0, 2016, 11]",23.0,2016,11.0,2149.315275517322
"[23.0, 2016, 12]",23.0,2016,12.0,2005.3524761683332
"[24.0, 2016, 01]",24.0,2016,1.0,1600.2585049757004
"[24.0, 2016, 02]",24.0,2016,2.0,1962.6778523489938
"[24.0, 2016, 03]",24.0,2016,3.0,1987.7414950243003
"[24.0, 2016, 04]",24.0,2016,4.0,1688.2966905808844
"[24.0, 2016, 05]",24.0,2016,5.0,1758.3112705392273
"[24.0, 2016, 06]",24.0,2016,6.0,1552.7588521175658
"[24.0, 2016, 07]",24.0,2016,7.0,1485.259199259431
"[24.0, 2016, 08]",24.0,2016,8.0,1867.315204813701
"[24.0, 2016, 09]",24.0,2016,9.0,1567.6026382781765
"[24.0, 2016, 10]",24.0,2016,10.0,1720.4552186993756
"[24.0, 2016, 11]",24.0,2016,11.0,2003.243462161537
"[24.0, 2016, 12]",24.0,2016,12.0,1944.015042814164
"[25.0, 2016, 01]",25.0,2016,1.0,1756.0571203466616
"[25.0, 2016, 02]",25.0,2016,2.0,1905.194800078787
"[25.0, 2016, 03]",25.0,2016,3.0,1769.32854047666
"[25.0, 2016, 04]",25.0,2016,4.0,1938.025408705929
"[25.0, 2016, 05]",25.0,2016,5.0,2066.4597203072685
"[25.0, 2016, 06]",25.0,2016,6.0,1987.2670868623209
"[25.0, 2016, 07]",25.0,2016,7.0,2207.32932834351
"[25.0, 2016, 08]",25.0,2016,8.0,2438.960803624188
"[25.0, 2016, 09]",25.0,2016,9.0,2385.56115816427
"[25.0, 2016, 10]",25.0,2016,10.0,2430.4096907622616
"[25.0, 2016, 11]",25.0,2016,11.0,2257.9135316131574
"[25.0, 2016, 12]",25.0,2016,12.0,1933.6700807563525
"[26.0, 2016, 01]",26.0,2016,1.0,1835.5331367375447
"[26.0, 2016, 02]",26.0,2016,2.0,1645.7040198665222
"[26.0, 2016, 03]",26.0,2016,3.0,1684.1008846810494
"[26.0, 2016, 04]",26.0,2016,4.0,1943.5238243054482
"[26.0, 2016, 05]",26.0,2016,5.0,1601.6892751823686
"[26.0, 2016, 06]",26.0,2016,6.0,1085.6268818873198
"[26.0, 2016, 07]",26.0,2016,7.0,1060.600341455844
"[26.0, 2016, 08]",26.0,2016,8.0,1270.1460499767193
"[26.0, 2016, 09]",26.0,2016,9.0,1389.4013658233744
"[26.0, 2016, 10]",26.0,2016,10.0,1232.4508769206896
"[26.0, 2016, 11]",26.0,2016,11.0,1572.6861710383366
"[26.0, 2016, 12]",26.0,2016,12.0,1672.5145118733517
"[27.0, 2016, 01]",27.0,2016,1.0,1705.5811927959844
"[27.0, 2016, 02]",27.0,2016,2.0,1911.8643342190728
"[27.0, 2016, 03]",27.0,2016,3.0,1786.5199291408326
"[27.0, 2016, 04]",27.0,2016,4.0,1939.7477118393856
"[27.0, 2016, 05]",27.0,2016,5.0,2063.2229111307943
"[27.0, 2016, 06]",27.0,2016,6.0,1971.6300560968405
"[27.0, 2016, 07]",27.0,2016,7.0,2199.764245645114
"[27.0, 2016, 08]",27.0,2016,8.0,2450.759816947151
"[27.0, 2016, 09]",27.0,2016,9.0,2384.095955122527
"[27.0, 2016, 10]",27.0,2016,10.0,2414.0320342485975
"[27.0, 2016, 11]",27.0,2016,11.0,2227.308827871272
"[27.0, 2016, 12]",27.0,2016,12.0,1890.9998523767345
"[28.0, 2016, 01]",28.0,2016,1.0,1593.2357017157933
"[28.0, 2016, 02]",28.0,2016,2.0,1949.9496260448736
"[28.0, 2016, 03]",28.0,2016,3.0,2018.2915750109978
"[28.0, 2016, 04]",28.0,2016,4.0,1684.6447426308837
"[28.0, 2016, 05]",28.0,2016,5.0,1743.6934667839853
"[28.0, 2016, 06]",28.0,2016,6.0,1544.3430488341394
"[28.0, 2016, 07]",28.0,2016,7.0,1497.530246370435
"[28.0, 2016, 08]",28.0,2016,8.0,1875.196656401231
"[28.0, 2016, 09]",28.0,2016,9.0,1564.9474263088418
"[28.0, 2016, 10]",28.0,2016,10.0,1712.2078750549927
"[28.0, 2016, 11]",28.0,2016,11.0,2018.124725032995
"[28.0, 2016, 12]",28.0,2016,12.0,1956.8855037395504
"[29.0, 2016, 01]",29.0,2016,1.0,1555.2808387652194
"[29.0, 2016, 02]",29.0,2016,2.0,1970.2453572746278
"[29.0, 2016, 03]",29.0,2016,3.0,1987.6558233919568
"[29.0, 2016, 04]",29.0,2016,4.0,1703.2618989054238
"[29.0, 2016, 05]",29.0,2016,5.0,1745.9425039970483
"[29.0, 2016, 06]",29.0,2016,6.0,1565.518570901488
"[29.0, 2016, 07]",29.0,2016,7.0,1490.7764112655268
"[29.0, 2016, 08]",29.0,2016,8.0,1901.64401672611
"[29.0, 2016, 09]",29.0,2016,9.0,1566.1690443979828
"[29.0, 2016, 10]",29.0,2016,10.0,1698.5640142663876
"[29.0, 2016, 11]",29.0,2016,11.0,2002.7177468946006
"[29.0, 2016, 12]",29.0,2016,12.0,1938.2464026564999
"[30.0, 2016, 01]",30.0,2016,1.0,1810.195754716981
"[30.0, 2016, 02]",30.0,2016,2.0,2015.0141509433963
"[30.0, 2016, 03]",30.0,2016,3.0,2122.5841194968552
"[30.0, 2016, 04]",30.0,2016,4.0,2075.9360587002097
"[30.0, 2016, 05]",30.0,2016,5.0,1969.0204402515724
"[30.0, 2016, 06]",30.0,2016,6.0,1907.3165618448636
"[30.0, 2016, 07]",30.0,2016,7.0,2013.969077568134
"[30.0, 2016, 08]",30.0,2016,8.0,2135.2363731656183
"[30.0, 2016, 09]",30.0,2016,9.0,2200.2853773584907
"[30.0, 2016, 10]",30.0,2016,10.0,2005.7130503144654
"[30.0, 2016, 11]",30.0,2016,11.0,1782.1037735849056
"[30.0, 2016, 12]",30.0,2016,12.0,1662.2672955974842
"[31.0, 2016, 01]",31.0,2016,1.0,1635.4487471526197
"[31.0, 2016, 02]",31.0,2016,2.0,1950.2908124525436
"[31.0, 2016, 03]",31.0,2016,3.0,1843.338648443432
"[31.0, 2016, 04]",31.0,2016,4.0,1899.3955960516325
"[31.0, 2016, 05]",31.0,2016,5.0,2074.531511009871
"[31.0, 2016, 06]",31.0,2016,6.0,1971.557327258922
"[31.0, 2016, 07]",31.0,2016,7.0,2198.192862566439
"[31.0, 2016, 08]",31.0,2016,8.0,2476.2703113135917
"[31.0, 2016, 09]",31.0,2016,9.0,2454.8208048595293
"[31.0, 2016, 10]",31.0,2016,10.0,2460.840546697039
"[31.0, 2016, 11]",31.0,2016,11.0,2268.990888382688
"[31.0, 2016, 12]",31.0,2016,12.0,1893.91192103265
"[32.0, 2016, 01]",32.0,2016,1.0,1855.344526820759
"[32.0, 2016, 02]",32.0,2016,2.0,1976.2108591365027
"[32.0, 2016, 03]",32.0,2016,3.0,1869.2496729175757
"[32.0, 2016, 04]",32.0,2016,4.0,1963.9797208896648
"[32.0, 2016, 05]",32.0,2016,5.0,2088.0239860444835
"[32.0, 2016, 06]",32.0,2016,6.0,1764.8805058874839
"[32.0, 2016, 07]",32.0,2016,7.0,1868.319232446577
"[32.0, 2016, 08]",32.0,2016,8.0,2112.295464457043
"[32.0, 2016, 09]",32.0,2016,9.0,1996.215874400349
"[32.0, 2016, 10]",32.0,2016,10.0,2007.9559529001313
"[32.0, 2016, 11]",32.0,2016,11.0,2065.3163977322292
"[32.0, 2016, 12]",32.0,2016,12.0,2018.820540776276
"[33.0, 2016, 01]",33.0,2016,1.0,1571.405924412666
"[33.0, 2016, 02]",33.0,2016,2.0,1986.6073544433095
"[33.0, 2016, 03]",33.0,2016,3.0,1961.426353421859
"[33.0, 2016, 04]",33.0,2016,4.0,1713.137895812053
"[33.0, 2016, 05]",33.0,2016,5.0,1763.1282941777322
"[33.0, 2016, 06]",33.0,2016,6.0,1580.2355464759962
"[33.0, 2016, 07]",33.0,2016,7.0,1479.876608784474
"[33.0, 2016, 08]",33.0,2016,8.0,1901.3139938712975
"[33.0, 2016, 09]",33.0,2016,9.0,1573.473340143003
"[33.0, 2016, 10]",33.0,2016,10.0,1716.1767109295201
"[33.0, 2016, 11]",33.0,2016,11.0,1989.555669050051
"[33.0, 2016, 12]",33.0,2016,12.0,1921.6839632277838
"[34.0, 2016, 01]",34.0,2016,1.0,1716.819091068608
"[34.0, 2016, 02]",34.0,2016,2.0,1819.66555536059
"[34.0, 2016, 03]",34.0,2016,3.0,1762.0794876294087
"[34.0, 2016, 04]",34.0,2016,4.0,1849.0229864888574
"[34.0, 2016, 05]",34.0,2016,5.0,2033.9764871030002
"[34.0, 2016, 06]",34.0,2016,6.0,1926.6332689945605
"[34.0, 2016, 07]",34.0,2016,7.0,2089.4846464291977
"[34.0, 2016, 08]",34.0,2016,8.0,2281.6397613616423
"[34.0, 2016, 09]",34.0,2016,9.0,2281.3400596595893
"[34.0, 2016, 10]",34.0,2016,10.0,2297.365678189156
"[34.0, 2016, 11]",34.0,2016,11.0,2185.959642042463
"[34.0, 2016, 12]",34.0,2016,12.0,1863.6911738901558
"[35.0, 2016, 01]",35.0,2016,1.0,1840.894813378575
"[35.0, 2016, 02]",35.0,2016,2.0,1650.4944255937955
"[35.0, 2016, 03]",35.0,2016,3.0,1669.492001938924
"[35.0, 2016, 04]",35.0,2016,4.0,1950.0668928744547
"[35.0, 2016, 05]",35.0,2016,5.0,1671.0465341735337
"[35.0, 2016, 06]",35.0,2016,6.0,1216.4381968007756
"[35.0, 2016, 07]",35.0,2016,7.0,1177.0426563257395
"[35.0, 2016, 08]",35.0,2016,8.0,1383.138148327678
"[35.0, 2016, 09]",35.0,2016,9.0,1540.685894328648
"[35.0, 2016, 10]",35.0,2016,10.0,1367.0271449345614
"[35.0, 2016, 11]",35.0,2016,11.0,1677.2113427047989
"[35.0, 2016, 12]",35.0,2016,12.0,1741.9961221522058
"[36.0, 2016, 01]",36.0,2016,1.0,1789.6450794247585
"[36.0, 2016, 02]",36.0,2016,2.0,2013.7542062223888
"[36.0, 2016, 03]",36.0,2016,3.0,2105.0573362158093
"[36.0, 2016, 04]",36.0,2016,4.0,2060.568380486888
"[36.0, 2016, 05]",36.0,2016,5.0,1963.4253219287525
"[36.0, 2016, 06]",36.0,2016,6.0,1906.3255945107624
"[36.0, 2016, 07]",36.0,2016,7.0,2024.7500704953482
"[36.0, 2016, 08]",36.0,2016,8.0,2138.591032991823
"[36.0, 2016, 09]",36.0,2016,9.0,2171.7114390450233
"[36.0, 2016, 10]",36.0,2016,10.0,1973.8669047842845
"[36.0, 2016, 11]",36.0,2016,11.0,1744.8646489331707
"[36.0, 2016, 12]",36.0,2016,12.0,1661.4085910329918
"[37.0, 2016, 01]",37.0,2016,1.0,1663.6114723641433
"[37.0, 2016, 02]",37.0,2016,2.0,2146.2424523920113
"[37.0, 2016, 03]",37.0,2016,3.0,1898.7986530422668
"[37.0, 2016, 04]",37.0,2016,4.0,1806.1490942870416
"[37.0, 2016, 05]",37.0,2016,5.0,1849.9814212726433
"[37.0, 2016, 06]",37.0,2016,6.0,1614.7380399442643
"[37.0, 2016, 07]",37.0,2016,7.0,1441.7861124013007
"[37.0, 2016, 08]",37.0,2016,8.0,1884.3978169995357
"[37.0, 2016, 09]",37.0,2016,9.0,1608.6574547143523
"[37.0, 2016, 10]",37.0,2016,10.0,1716.769623780771
"[37.0, 2016, 11]",37.0,2016,11.0,1904.747097073851
"[37.0, 2016, 12]",37.0,2016,12.0,1835.7268927078496
"[38.0, 2016, 01]",38.0,2016,1.0,1926.1994793361541
"[38.0, 2016, 02]",38.0,2016,2.0,2006.2486169866584
"[38.0, 2016, 03]",38.0,2016,3.0,1874.8073543768314
"[38.0, 2016, 04]",38.0,2016,4.0,2098.4617637487804
"[38.0, 2016, 05]",38.0,2016,5.0,2131.9609502115204
"[38.0, 2016, 06]",38.0,2016,6.0,1796.2020826553862
"[38.0, 2016, 07]",38.0,2016,7.0,1881.068011714937
"[38.0, 2016, 08]",38.0,2016,8.0,2142.14546046209
"[38.0, 2016, 09]",38.0,2016,9.0,1996.6348844777094
"[38.0, 2016, 10]",38.0,2016,10.0,1983.2710706150347
"[38.0, 2016, 11]",38.0,2016,11.0,1969.6358607224217
"[38.0, 2016, 12]",38.0,2016,12.0,1957.0234298730886
"[39.0, 2016, 01]",39.0,2016,1.0,1722.6666666666667
"[39.0, 2016, 02]",39.0,2016,2.0,1674.0
"[39.0, 2016, 03]",39.0,2016,3.0,1766.0
"[39.0, 2016, 04]",39.0,2016,4.0,2194.4166666666665
"[39.0, 2016, 05]",39.0,2016,5.0,2106.5
"[39.0, 2016, 06]",39.0,2016,6.0,1956.1666666666667
"[39.0, 2016, 07]",39.0,2016,7.0,2085.9166666666665
"[39.0, 2016, 08]",39.0,2016,8.0,2348.4166666666665
"[39.0, 2016, 09]",39.0,2016,9.0,2095.3333333333335
"[39.0, 2016, 10]",39.0,2016,10.0,1955.25
"[39.0, 2016, 11]",39.0,2016,11.0,2017.9166666666667
"[39.0, 2016, 12]",39.0,2016,12.0,2013.25
"[40.0, 2016, 01]",40.0,2016,1.0,1765.8377671173137
"[40.0, 2016, 02]",40.0,2016,2.0,1998.4047099869167
"[40.0, 2016, 03]",40.0,2016,3.0,2079.575447012647
"[40.0, 2016, 04]",40.0,2016,4.0,2035.135412123855
"[40.0, 2016, 05]",40.0,2016,5.0,1951.7549062363714
"[40.0, 2016, 06]",40.0,2016,6.0,1886.105538595726
"[40.0, 2016, 07]",40.0,2016,7.0,2001.291321412996
"[40.0, 2016, 08]",40.0,2016,8.0,2108.216964675098
"[40.0, 2016, 09]",40.0,2016,9.0,2132.6264718709117
"[40.0, 2016, 10]",40.0,2016,10.0,1928.1962494548625
"[40.0, 2016, 11]",40.0,2016,11.0,1720.448539031836
"[40.0, 2016, 12]",40.0,2016,12.0,1645.0451373746184
"[41.0, 2016, 01]",41.0,2016,1.0,1676.0465546218488
"[41.0, 2016, 02]",41.0,2016,2.0,2171.137142857143
"[41.0, 2016, 03]",41.0,2016,3.0,1903.5011764705887
"[41.0, 2016, 04]",41.0,2016,4.0,1830.0673949579832
"[41.0, 2016, 05]",41.0,2016,5.0,1868.0030252100846
"[41.0, 2016, 06]",41.0,2016,6.0,1618.6487394957987
"[41.0, 2016, 07]",41.0,2016,7.0,1448.9050420168069
"[41.0, 2016, 08]",41.0,2016,8.0,1895.3307563025207
"[41.0, 2016, 09]",41.0,2016,9.0,1626.8667226890757
"[41.0, 2016, 10]",41.0,2016,10.0,1724.990756302521
"[41.0, 2016, 11]",41.0,2016,11.0,1900.8430252100843
"[41.0, 2016, 12]",41.0,2016,12.0,1828.0223529411765
"[42.0, 2016, 01]",42.0,2016,1.0,1909.1699940699743
"[42.0, 2016, 02]",42.0,2016,2.0,2008.5054358568889
"[42.0, 2016, 03]",42.0,2016,3.0,1897.7651709824074
"[42.0, 2016, 04]",42.0,2016,4.0,2043.1170191737497
"[42.0, 2016, 05]",42.0,2016,5.0,2122.7679383277327
"[42.0, 2016, 06]",42.0,2016,6.0,1789.1763194307173
"[42.0, 2016, 07]",42.0,2016,7.0,1883.2885945839098
"[42.0, 2016, 08]",42.0,2016,8.0,2147.4368452263293
"[42.0, 2016, 09]",42.0,2016,9.0,2008.4407985767937
"[42.0, 2016, 10]",42.0,2016,10.0,2007.011464716347
"[42.0, 2016, 11]",42.0,2016,11.0,2020.2091322395731
"[42.0, 2016, 12]",42.0,2016,12.0,1999.6327337418463
"[43.0, 2016, 01]",43.0,2016,1.0,1753.6020456333601
"[43.0, 2016, 02]",43.0,2016,2.0,1820.927458693942
"[43.0, 2016, 03]",43.0,2016,3.0,1737.8719118804097
"[43.0, 2016, 04]",43.0,2016,4.0,1788.9627065302918
"[43.0, 2016, 05]",43.0,2016,5.0,2102.727930763179
"[43.0, 2016, 06]",43.0,2016,6.0,1926.295672698663
"[43.0, 2016, 07]",43.0,2016,7.0,2123.6169944925264
"[43.0, 2016, 08]",43.0,2016,8.0,2344.797954366641
"[43.0, 2016, 09]",43.0,2016,9.0,2353.8726986624706
"[43.0, 2016, 10]",43.0,2016,10.0,2275.7899291896147
"[43.0, 2016, 11]",43.0,2016,11.0,2171.62140047207
"[43.0, 2016, 12]",43.0,2016,12.0,1876.8599527930767
"[44.0, 2016, 01]",44.0,2016,1.0,1749.2161242771292
"[44.0, 2016, 02]",44.0,2016,2.0,1883.533393808822
"[44.0, 2016, 03]",44.0,2016,3.0,1788.1915183127344
"[44.0, 2016, 04]",44.0,2016,4.0,1830.5458668783313
"[44.0, 2016, 05]",44.0,2016,5.0,2133.8131307404474
"[44.0, 2016, 06]",44.0,2016,6.0,1938.4958612087541
"[44.0, 2016, 07]",44.0,2016,7.0,2130.462524095703
"[44.0, 2016, 08]",44.0,2016,8.0,2308.4560607778667
"[44.0, 2016, 09]",44.0,2016,9.0,2334.1263181766644
"[44.0, 2016, 10]",44.0,2016,10.0,2315.9321918584874
"[44.0, 2016, 11]",44.0,2016,11.0,2207.4257852364212
"[44.0, 2016, 12]",44.0,2016,12.0,1911.0000000000002
"[45.0, 2016, 01]",45.0,2016,1.0,1716.4688588850174
"[45.0, 2016, 02]",45.0,2016,2.0,2265.2356271777003
"[45.0, 2016, 03]",45.0,2016,3.0,1946.7395470383274
"[45.0, 2016, 04]",45.0,2016,4.0,1934.4771341463418
"[45.0, 2016, 05]",45.0,2016,5.0,1951.9333623693378
"[45.0, 2016, 06]",45.0,2016,6.0,1615.458405923345
"[45.0, 2016, 07]",45.0,2016,7.0,1445.6400261324043
"[45.0, 2016, 08]",45.0,2016,8.0,1889.029181184669
"[45.0, 2016, 09]",45.0,2016,9.0,1673.7848432055748
"[45.0, 2016, 10]",45.0,2016,10.0,1757.4009146341464
"[45.0, 2016, 11]",45.0,2016,11.0,1865.870862369338
"[45.0, 2016, 12]",45.0,2016,12.0,1783.2356271777003
"[46.0, 2016, 01]",46.0,2016,1.0,1789.9708029197077
"[46.0, 2016, 02]",46.0,2016,2.0,1909.638164754953
"[46.0, 2016, 03]",46.0,2016,3.0,1777.3193430656934
"[46.0, 2016, 04]",46.0,2016,4.0,1818.971063607925
"[46.0, 2016, 05]",46.0,2016,5.0,2187.2103753910324
"[46.0, 2016, 06]",46.0,2016,6.0,1974.5187695516163
"[46.0, 2016, 07]",46.0,2016,7.0,2193.431699687174
"[46.0, 2016, 08]",46.0,2016,8.0,2461.8162148070905
"[46.0, 2016, 09]",46.0,2016,9.0,2476.550573514077
"[46.0, 2016, 10]",46.0,2016,10.0,2363.679614181439
"[46.0, 2016, 11]",46.0,2016,11.0,2212.5086027111574
"[46.0, 2016, 12]",46.0,2016,12.0,1939.4642857142858
"[47.0, 2016, 01]",47.0,2016,1.0,1777.7303151862463
"[47.0, 2016, 02]",47.0,2016,2.0,1820.4045845272203
"[47.0, 2016, 03]",47.0,2016,3.0,1688.9524355300855
"[47.0, 2016, 04]",47.0,2016,4.0,1745.1561031518622
"[47.0, 2016, 05]",47.0,2016,5.0,2130.6027507163326
"[47.0, 2016, 06]",47.0,2016,6.0,1985.7993123209174
"[47.0, 2016, 07]",47.0,2016,7.0,2181.7588538681953
"[47.0, 2016, 08]",47.0,2016,8.0,2416.8817191977078
"[47.0, 2016, 09]",47.0,2016,9.0,2495.2940974212033
"[47.0, 2016, 10]",47.0,2016,10.0,2364.1754727793696
"[47.0, 2016, 11]",47.0,2016,11.0,2247.1650429799424
"[47.0, 2016, 12]",47.0,2016,12.0,1926.3354727793694
"[48.0, 2016, 01]",48.0,2016,1.0,1782.8115965178495
"[48.0, 2016, 02]",48.0,2016,2.0,1832.1823336794184
"[48.0, 2016, 03]",48.0,2016,3.0,1730.6157655139361
"[48.0, 2016, 04]",48.0,2016,4.0,1770.5842983787236
"[48.0, 2016, 05]",48.0,2016,5.0,2145.065170513537
"[48.0, 2016, 06]",48.0,2016,6.0,1965.7562495008383
"[48.0, 2016, 07]",48.0,2016,7.0,2170.9823496525837
"[48.0, 2016, 08]",48.0,2016,8.0,2403.7771743470967
"[48.0, 2016, 09]",48.0,2016,9.0,2448.209168596757
"[48.0, 2016, 10]",48.0,2016,10.0,2336.591566168836
"[48.0, 2016, 11]",48.0,2016,11.0,2223.222266592125
"[48.0, 2016, 12]",48.0,2016,12.0,1931.2075712802489
"[49.0, 2016, 01]",49.0,2016,1.0,1968.6521739130433
"[49.0, 2016, 02]",49.0,2016,2.0,2033.3399209486167
"[49.0, 2016, 03]",49.0,2016,3.0,1792.1383399209485
"[49.0, 2016, 04]",49.0,2016,4.0,1696.4782608695652
"[49.0, 2016, 05]",49.0,2016,5.0,1783.8577075098815
"[49.0, 2016, 06]",49.0,2016,6.0,1374.4347826086957
"[49.0, 2016, 07]",49.0,2016,7.0,1381.3320158102767
"[49.0, 2016, 08]",49.0,2016,8.0,1245.9565217391303
"[49.0, 2016, 09]",49.0,2016,9.0,1530.5177865612648
"[49.0, 2016, 10]",49.0,2016,10.0,1532.9328063241105
"[49.0, 2016, 11]",49.0,2016,11.0,1802.901185770751
"[49.0, 2016, 12]",49.0,2016,12.0,1798.2529644268775
"[50.0, 2016, 01]",50.0,2016,1.0,1718.2003972194636
"[50.0, 2016, 02]",50.0,2016,2.0,1716.9249255213504
"[50.0, 2016, 03]",50.0,2016,3.0,1580.5545183714
"[50.0, 2016, 04]",50.0,2016,4.0,1711.9354518371397
"[50.0, 2016, 05]",50.0,2016,5.0,2113.0830188679242
"[50.0, 2016, 06]",50.0,2016,6.0,2046.983316782522
"[50.0, 2016, 07]",50.0,2016,7.0,2260.1733862959286
"[50.0, 2016, 08]",50.0,2016,8.0,2515.5672293942403
"[50.0, 2016, 09]",50.0,2016,9.0,2538.183912611718
"[50.0, 2016, 10]",50.0,2016,10.0,2417.88043694141
"[50.0, 2016, 11]",50.0,2016,11.0,2285.5604766633564
"[50.0, 2016, 12]",50.0,2016,12.0,1943.4202581926515
"[51.0, 2016, 01]",51.0,2016,1.0,1742.4122770634592
"[51.0, 2016, 02]",51.0,2016,2.0,1741.0151389464952
"[51.0, 2016, 03]",51.0,2016,3.0,1630.4207797594358
"[51.0, 2016, 04]",51.0,2016,4.0,1727.492326835338
"[51.0, 2016, 05]",51.0,2016,5.0,2126.5686437163004
"[51.0, 2016, 06]",51.0,2016,6.0,2024.0481128162587
"[51.0, 2016, 07]",51.0,2016,7.0,2239.467233513065
"[51.0, 2016, 08]",51.0,2016,8.0,2481.7152633761925
"[51.0, 2016, 09]",51.0,2016,9.0,2532.5221899626713
"[51.0, 2016, 10]",51.0,2016,10.0,2398.1932807963503
"[51.0, 2016, 11]",51.0,2016,11.0,2274.520945665699
"[51.0, 2016, 12]",51.0,2016,12.0,1933.7474077146412
"[52.0, 2016, 01]",52.0,2016,1.0,1452.291924739979
"[52.0, 2016, 02]",52.0,2016,2.0,1591.7752717073745
"[52.0, 2016, 03]",52.0,2016,3.0,1805.4847493280354
"[52.0, 2016, 04]",52.0,2016,4.0,1890.1963304896578
"[52.0, 2016, 05]",52.0,2016,5.0,1858.6185579058083
"[52.0, 2016, 06]",52.0,2016,6.0,1783.365431810214
"[52.0, 2016, 07]",52.0,2016,7.0,1882.6229987145027
"[52.0, 2016, 08]",52.0,2016,8.0,2058.844104242141
"[52.0, 2016, 09]",52.0,2016,9.0,1886.4286549024193
"[52.0, 2016, 10]",52.0,2016,10.0,1871.7178917845042
"[52.0, 2016, 11]",52.0,2016,11.0,1731.2586186747694
"[52.0, 2016, 12]",52.0,2016,12.0,1586.4299403996727
"[53.0, 2016, 01]",53.0,2016,1.0,1475.4745120885525
"[53.0, 2016, 02]",53.0,2016,2.0,1629.8218759102826
"[53.0, 2016, 03]",53.0,2016,3.0,1815.8164870375767
"[53.0, 2016, 04]",53.0,2016,4.0,1913.538304689776
"[53.0, 2016, 05]",53.0,2016,5.0,1883.1830760267992
"[53.0, 2016, 06]",53.0,2016,6.0,1801.1603553743084
"[53.0, 2016, 07]",53.0,2016,7.0,1901.4771337023012
"[53.0, 2016, 08]",53.0,2016,8.0,2063.8489659190213
"[53.0, 2016, 09]",53.0,2016,9.0,1908.728808622197
"[53.0, 2016, 10]",53.0,2016,10.0,1875.0270900087387
"[53.0, 2016, 11]",53.0,2016,11.0,1732.8751820565105
"[53.0, 2016, 12]",53.0,2016,12.0,1567.556655986018
"[54.0, 2016, 01]",54.0,2016,1.0,1833.1876052542943
"[54.0, 2016, 02]",54.0,2016,2.0,1911.1252947120245
"[54.0, 2016, 03]",54.0,2016,3.0,1892.6751431458401
"[54.0, 2016, 04]",54.0,2016,4.0,2264.0153250252615
"[54.0, 2016, 05]",54.0,2016,5.0,2152.3039744021557
"[54.0, 2016, 06]",54.0,2016,6.0,1836.7645671943412
"[54.0, 2016, 07]",54.0,2016,7.0,2037.120074099023
"[54.0, 2016, 08]",54.0,2016,8.0,2262.9142809026607
"[54.0, 2016, 09]",54.0,2016,9.0,2032.6252947120245
"[54.0, 2016, 10]",54.0,2016,10.0,1969.371673964298
"[54.0, 2016, 11]",54.0,2016,11.0,1985.7728191310207
"[54.0, 2016, 12]",54.0,2016,12.0,1909.5818457393063
"[55.0, 2016, 01]",55.0,2016,1.0,1788.8625860919797
"[55.0, 2016, 02]",55.0,2016,2.0,1809.4134636747392
"[55.0, 2016, 03]",55.0,2016,3.0,1676.538991335259
"[55.0, 2016, 04]",55.0,2016,4.0,1762.700844256832
"[55.0, 2016, 05]",55.0,2016,5.0,2175.2185069984453
"[55.0, 2016, 06]",55.0,2016,6.0,2024.781715174406
"[55.0, 2016, 07]",55.0,2016,7.0,2246.8993556987343
"[55.0, 2016, 08]",55.0,2016,8.0,2476.2129526771832
"[55.0, 2016, 09]",55.0,2016,9.0,2543.1238613641417
"[55.0, 2016, 10]",55.0,2016,10.0,2397.072317262831
"[55.0, 2016, 11]",55.0,2016,11.0,2259.1655187736064
"[55.0, 2016, 12]",55.0,2016,12.0,1922.534658964675
"[56.0, 2016, 01]",56.0,2016,1.0,1663.545936149449
"[56.0, 2016, 02]",56.0,2016,2.0,1912.2577722013102
"[56.0, 2016, 03]",56.0,2016,3.0,2044.4535062038196
"[56.0, 2016, 04]",56.0,2016,4.0,1971.1831869510663
"[56.0, 2016, 05]",56.0,2016,5.0,1851.2135786978945
"[56.0, 2016, 06]",56.0,2016,6.0,1760.9679353129793
"[56.0, 2016, 07]",56.0,2016,7.0,1855.81095775826
"[56.0, 2016, 08]",56.0,2016,8.0,1965.5526279102185
"[56.0, 2016, 09]",56.0,2016,9.0,1960.774013662345
"[56.0, 2016, 10]",56.0,2016,10.0,1816.6202425763274
"[56.0, 2016, 11]",56.0,2016,11.0,1642.5112226404572
"[56.0, 2016, 12]",56.0,2016,12.0,1595.9513453227378
"[57.0, 2016, 01]",57.0,2016,1.0,1668.9345549738223
"[57.0, 2016, 02]",57.0,2016,2.0,1920.8577148136742
"[57.0, 2016, 03]",57.0,2016,3.0,2049.005389590391
"[57.0, 2016, 04]",57.0,2016,4.0,1970.2491530643674
"[57.0, 2016, 05]",57.0,2016,5.0,1856.1623036649214
"[57.0, 2016, 06]",57.0,2016,6.0,1773.5468124422543
"[57.0, 2016, 07]",57.0,2016,7.0,1859.7697874961507
"[57.0, 2016, 08]",57.0,2016,8.0,1967.8980597474595
"[57.0, 2016, 09]",57.0,2016,9.0,1958.9421004003696
"[57.0, 2016, 10]",57.0,2016,10.0,1806.1974129966125
"[57.0, 2016, 11]",57.0,2016,11.0,1634.7767169695107
"[57.0, 2016, 12]",57.0,2016,12.0,1607.4139205420392
"[58.0, 2016, 01]",58.0,2016,1.0,1855.8
"[58.0, 2016, 02]",58.0,2016,2.0,1798.0
"[58.0, 2016, 03]",58.0,2016,3.0,1495.2
"[58.0, 2016, 04]",58.0,2016,4.0,1760.8
"[58.0, 2016, 05]",58.0,2016,5.0,2143.2
"[58.0, 2016, 06]",58.0,2016,6.0,2023.8
"[58.0, 2016, 07]",58.0,2016,7.0,2288.2
"[58.0, 2016, 08]",58.0,2016,8.0,2572.4
"[58.0, 2016, 09]",58.0,2016,9.0,2698.6
"[58.0, 2016, 10]",58.0,2016,10.0,2552.8
"[58.0, 2016, 11]",58.0,2016,11.0,2423.2
"[58.0, 2016, 12]",58.0,2016,12.0,2001.4
"[59.0, 2016, 01]",59.0,2016,1.0,1910.079284387526
"[59.0, 2016, 02]",59.0,2016,2.0,2045.6722064717962
"[59.0, 2016, 03]",59.0,2016,3.0,1845.3980838791667
"[59.0, 2016, 04]",59.0,2016,4.0,1728.9919835761066
"[59.0, 2016, 05]",59.0,2016,5.0,1761.2680613940754
"[59.0, 2016, 06]",59.0,2016,6.0,1228.7997849252126
"[59.0, 2016, 07]",59.0,2016,7.0,1209.3192882979763
"[59.0, 2016, 08]",59.0,2016,8.0,1119.4592824323004
"[59.0, 2016, 09]",59.0,2016,9.0,1500.747189363574
"[59.0, 2016, 10]",59.0,2016,10.0,1544.3123472480202
"[59.0, 2016, 11]",59.0,2016,11.0,1840.6638967641015
"[59.0, 2016, 12]",59.0,2016,12.0,1712.5324078600058
"[60.0, 2016, 01]",60.0,2016,1.0,1893.2999011857705
"[60.0, 2016, 02]",60.0,2016,2.0,1816.8493083003953
"[60.0, 2016, 03]",60.0,2016,3.0,1500.2994071146245
"[60.0, 2016, 04]",60.0,2016,4.0,1800.2831027667983
"[60.0, 2016, 05]",60.0,2016,5.0,2150.1178359683795
"[60.0, 2016, 06]",60.0,2016,6.0,2009.1739130434783
"[60.0, 2016, 07]",60.0,2016,7.0,2299.023962450593
"[60.0, 2016, 08]",60.0,2016,8.0,2609.590909090909
"[60.0, 2016, 09]",60.0,2016,9.0,2742.5209980237155
"[60.0, 2016, 10]",60.0,2016,10.0,2595.9990118577075
"[60.0, 2016, 11]",60.0,2016,11.0,2474.329051383399
"[60.0, 2016, 12]",60.0,2016,12.0,2037.401432806324
"[61.0, 2016, 01]",61.0,2016,1.0,1354.4746308216586
"[61.0, 2016, 02]",61.0,2016,2.0,1274.5783794017418
"[61.0, 2016, 03]",61.0,2016,3.0,1473.585005679667
"[61.0, 2016, 04]",61.0,2016,4.0,1716.8267701628172
"[61.0, 2016, 05]",61.0,2016,5.0,1691.8756152972362
"[61.0, 2016, 06]",61.0,2016,6.0,1646.0549034456649
"[61.0, 2016, 07]",61.0,2016,7.0,1745.0685346459677
"[61.0, 2016, 08]",61.0,2016,8.0,1888.8485422188567
"[61.0, 2016, 09]",61.0,2016,9.0,1574.358765619084
"[61.0, 2016, 10]",61.0,2016,10.0,1686.9861794774706
"[61.0, 2016, 11]",61.0,2016,11.0,1586.2684589170772
"[61.0, 2016, 12]",61.0,2016,12.0,1491.8212798182508
"[62.0, 2016, 01]",62.0,2016,1.0,1488.5987891019172
"[62.0, 2016, 02]",62.0,2016,2.0,1592.723915237134
"[62.0, 2016, 03]",62.0,2016,3.0,1627.962462159435
"[62.0, 2016, 04]",62.0,2016,4.0,1685.5356205852672
"[62.0, 2016, 05]",62.0,2016,5.0,1690.741675075681
"[62.0, 2016, 06]",62.0,2016,6.0,1423.3331987891017
"[62.0, 2016, 07]",62.0,2016,7.0,1424.6853683148333
"[62.0, 2016, 08]",62.0,2016,8.0,1667.0407669021188
"[62.0, 2016, 09]",62.0,2016,9.0,1766.1009081735622
"[62.0, 2016, 10]",62.0,2016,10.0,1549.5604439959634
"[62.0, 2016, 11]",62.0,2016,11.0,1601.3995963673055
"[62.0, 2016, 12]",62.0,2016,12.0,1378.3382441977799
"[63.0, 2016, 01]",63.0,2016,1.0,1930.0168345522286
"[63.0, 2016, 02]",63.0,2016,2.0,1880.2362356837311
"[63.0, 2016, 03]",63.0,2016,3.0,1533.9746101835242
"[63.0, 2016, 04]",63.0,2016,4.0,1859.637229198289
"[63.0, 2016, 05]",63.0,2016,5.0,2135.191527528633
"[63.0, 2016, 06]",63.0,2016,6.0,1986.5476748999588
"[63.0, 2016, 07]",63.0,2016,7.0,2269.2765282185733
"[63.0, 2016, 08]",63.0,2016,8.0,2603.9506002483786
"[63.0, 2016, 09]",63.0,2016,9.0,2727.5214571546844
"[63.0, 2016, 10]",63.0,2016,10.0,2605.751621360563
"[63.0, 2016, 11]",63.0,2016,11.0,2461.9376293638747
"[63.0, 2016, 12]",63.0,2016,12.0,1993.5977645922453
"[64.0, 2016, 01]",64.0,2016,1.0,1629.5735634228784
"[64.0, 2016, 02]",64.0,2016,2.0,1854.2298523394413
"[64.0, 2016, 03]",64.0,2016,3.0,1856.6217754847894
"[64.0, 2016, 04]",64.0,2016,4.0,2202.3362391033625
"[64.0, 2016, 05]",64.0,2016,5.0,1984.988080412738
"[64.0, 2016, 06]",64.0,2016,6.0,1619.726916918698
"[64.0, 2016, 07]",64.0,2016,7.0,1925.7085927770859
"[64.0, 2016, 08]",64.0,2016,8.0,2264.8060843266326
"[64.0, 2016, 09]",64.0,2016,9.0,1960.9053549190535
"[64.0, 2016, 10]",64.0,2016,10.0,1919.8292118840066
"[64.0, 2016, 11]",64.0,2016,11.0,1740.5057818893433
"[64.0, 2016, 12]",64.0,2016,12.0,1765.476071873332
"[65.0, 2016, 01]",65.0,2016,1.0,1428.0954117289577
"[65.0, 2016, 02]",65.0,2016,2.0,1415.7196394206421
"[65.0, 2016, 03]",65.0,2016,3.0,1485.164590296769
"[65.0, 2016, 04]",65.0,2016,4.0,1697.6200749518891
"[65.0, 2016, 05]",65.0,2016,5.0,1637.1354198318647
"[65.0, 2016, 06]",65.0,2016,6.0,1568.8683277625846
"[65.0, 2016, 07]",65.0,2016,7.0,1661.939228198116
"[65.0, 2016, 08]",65.0,2016,8.0,1887.3587562037878
"[65.0, 2016, 09]",65.0,2016,9.0,1500.9265674060568
"[65.0, 2016, 10]",65.0,2016,10.0,1628.72946419528
"[65.0, 2016, 11]",65.0,2016,11.0,1511.2587865896892
"[65.0, 2016, 12]",65.0,2016,12.0,1521.6926972551403
"[66.0, 2016, 01]",66.0,2016,1.0,1680.6257921419522
"[66.0, 2016, 02]",66.0,2016,2.0,1696.727027883397
"[66.0, 2016, 03]",66.0,2016,3.0,1721.2072243346008
"[66.0, 2016, 04]",66.0,2016,4.0,1679.9637198986056
"[66.0, 2016, 05]",66.0,2016,5.0,1653.1642902408114
"[66.0, 2016, 06]",66.0,2016,6.0,1441.3143219264891
"[66.0, 2016, 07]",66.0,2016,7.0,1490.2583967046896
"[66.0, 2016, 08]",66.0,2016,8.0,1811.3301647655262
"[66.0, 2016, 09]",66.0,2016,9.0,1806.9865335868192
"[66.0, 2016, 10]",66.0,2016,10.0,1569.1924904942966
"[66.0, 2016, 11]",66.0,2016,11.0,1524.4066856780735
"[66.0, 2016, 12]",66.0,2016,12.0,1439.1352978453738
"[67.0, 2016, 01]",67.0,2016,1.0,1650.1512567324955
"[67.0, 2016, 02]",67.0,2016,2.0,1869.449057450628
"[67.0, 2016, 03]",67.0,2016,3.0,1852.5944793536803
"[67.0, 2016, 04]",67.0,2016,4.0,2137.6748204667865
"[67.0, 2016, 05]",67.0,2016,5.0,1955.122082585278
"[67.0, 2016, 06]",67.0,2016,6.0,1613.3404398563735
"[67.0, 2016, 07]",67.0,2016,7.0,1885.6326301615795
"[67.0, 2016, 08]",67.0,2016,8.0,2199.605475763016
"[67.0, 2016, 09]",67.0,2016,9.0,1941.9470377019745
"[67.0, 2016, 10]",67.0,2016,10.0,1913.912701974865
"[67.0, 2016, 11]",67.0,2016,11.0,1701.9672351885097
"[67.0, 2016, 12]",67.0,2016,12.0,1755.750448833034
"[68.0, 2016, 01]",68.0,2016,1.0,1682.3557592784268
"[68.0, 2016, 02]",68.0,2016,2.0,1873.1023214549755
"[68.0, 2016, 03]",68.0,2016,3.0,1836.2794617773181
"[68.0, 2016, 04]",68.0,2016,4.0,2103.8593819310954
"[68.0, 2016, 05]",68.0,2016,5.0,1940.633003105131
"[68.0, 2016, 06]",68.0,2016,6.0,1629.3010498299573
"[68.0, 2016, 07]",68.0,2016,7.0,1871.8181280496824
"[68.0, 2016, 08]",68.0,2016,8.0,2168.823746857903
"[68.0, 2016, 09]",68.0,2016,9.0,1945.9551973976047
"[68.0, 2016, 10]",68.0,2016,10.0,1912.4849918675145
"[68.0, 2016, 11]",68.0,2016,11.0,1664.1803933165754
"[68.0, 2016, 12]",68.0,2016,12.0,1745.4438858494752
"[69.0, 2016, 01]",69.0,2016,1.0,1779.439990281827
"[69.0, 2016, 02]",69.0,2016,2.0,1934.9152089407191
"[69.0, 2016, 03]",69.0,2016,3.0,1919.5308551992223
"[69.0, 2016, 04]",69.0,2016,4.0,2100.340621963071
"[69.0, 2016, 05]",69.0,2016,5.0,1947.2402818270166
"[69.0, 2016, 06]",69.0,2016,6.0,1649.22351797862
"[69.0, 2016, 07]",69.0,2016,7.0,1872.0279397473278
"[69.0, 2016, 08]",69.0,2016,8.0,2147.2147716229347
"[69.0, 2016, 09]",69.0,2016,9.0,1970.98833819242
"[69.0, 2016, 10]",69.0,2016,10.0,1927.0058309037902
"[69.0, 2016, 11]",69.0,2016,11.0,1678.694120505345
"[69.0, 2016, 12]",69.0,2016,12.0,1740.5541788143832
"[70.0, 2016, 01]",70.0,2016,1.0,1807.172034564022
"[70.0, 2016, 02]",70.0,2016,2.0,1970.9018067556954
"[70.0, 2016, 03]",70.0,2016,3.0,1983.4579732914376
"[70.0, 2016, 04]",70.0,2016,4.0,2119.7533385703064
"[70.0, 2016, 05]",70.0,2016,5.0,1961.7423409269443
"[70.0, 2016, 06]",70.0,2016,6.0,1651.5373134328358
"[70.0, 2016, 07]",70.0,2016,7.0,1882.7384131971721
"[70.0, 2016, 08]",70.0,2016,8.0,2140.5247446975645
"[70.0, 2016, 09]",70.0,2016,9.0,1977.7486252945796
"[70.0, 2016, 10]",70.0,2016,10.0,1930.615082482325
"[70.0, 2016, 11]",70.0,2016,11.0,1705.8955223880598
"[70.0, 2016, 12]",70.0,2016,12.0,1737.339355852317
"[71.0, 2016, 01]",71.0,2016,1.0,2023.003566040324
"[71.0, 2016, 02]",71.0,2016,2.0,2090.5989576189827
"[71.0, 2016, 03]",71.0,2016,3.0,1771.1084899190785
"[71.0, 2016, 04]",71.0,2016,4.0,1981.211082156083
"[71.0, 2016, 05]",71.0,2016,5.0,1855.7302153339733
"[71.0, 2016, 06]",71.0,2016,6.0,1579.508709367714
"[71.0, 2016, 07]",71.0,2016,7.0,1399.2295981346867
"[71.0, 2016, 08]",71.0,2016,8.0,1250.0008229323826
"[71.0, 2016, 09]",71.0,2016,9.0,1459.8913729255246
"[71.0, 2016, 10]",71.0,2016,10.0,1845.2566177479086
"[71.0, 2016, 11]",71.0,2016,11.0,1847.9033054450692
"[71.0, 2016, 12]",71.0,2016,12.0,1852.872582636127
"[72.0, 2016, 01]",72.0,2016,1.0,1867.1568206229863
"[72.0, 2016, 02]",72.0,2016,2.0,1990.6358754027926
"[72.0, 2016, 03]",72.0,2016,3.0,2009.9172932330825
"[72.0, 2016, 04]",72.0,2016,4.0,2125.550483351235
"[72.0, 2016, 05]",72.0,2016,5.0,1956.5778732545652
"[72.0, 2016, 06]",72.0,2016,6.0,1674.0263157894738
"[72.0, 2016, 07]",72.0,2016,7.0,1891.326530612245
"[72.0, 2016, 08]",72.0,2016,8.0,2144.546723952739
"[72.0, 2016, 09]",72.0,2016,9.0,1984.8141783029
"[72.0, 2016, 10]",72.0,2016,10.0,1937.2534908700318
"[72.0, 2016, 11]",72.0,2016,11.0,1710.5075187969926
"[72.0, 2016, 12]",72.0,2016,12.0,1753.7867883995705
"[73.0, 2016, 01]",73.0,2016,1.0,1917.99852724595
"[73.0, 2016, 02]",73.0,2016,2.0,2037.0765832106038
"[73.0, 2016, 03]",73.0,2016,3.0,2087.2695139911634
"[73.0, 2016, 04]",73.0,2016,4.0,2156.027982326951
"[73.0, 2016, 05]",73.0,2016,5.0,1972.8041237113403
"[73.0, 2016, 06]",73.0,2016,6.0,1696.5257731958764
"[73.0, 2016, 07]",73.0,2016,7.0,1913.2773686794305
"[73.0, 2016, 08]",73.0,2016,8.0,2146.9263622974963
"[73.0, 2016, 09]",73.0,2016,9.0,2006.1482572410407
"[73.0, 2016, 10]",73.0,2016,10.0,1949.9057437407955
"[73.0, 2016, 11]",73.0,2016,11.0,1754.1737849779086
"[73.0, 2016, 12]",73.0,2016,12.0,1759.5974472263133
"[74.0, 2016, 01]",74.0,2016,1.0,2150.2774676194745
"[74.0, 2016, 02]",74.0,2016,2.0,2145.5667708798596
"[74.0, 2016, 03]",74.0,2016,3.0,1820.3358642251007
"[74.0, 2016, 04]",74.0,2016,4.0,1999.0225547119253
"[74.0, 2016, 05]",74.0,2016,5.0,1751.5388566324261
"[74.0, 2016, 06]",74.0,2016,6.0,1622.9207235372942
"[74.0, 2016, 07]",74.0,2016,7.0,1375.0961366681554
"[74.0, 2016, 08]",74.0,2016,8.0,1319.0692273336315
"[74.0, 2016, 09]",74.0,2016,9.0,1491.681330951318
"[74.0, 2016, 10]",74.0,2016,10.0,1920.6100937918718
"[74.0, 2016, 11]",74.0,2016,11.0,1910.9651630192059
"[74.0, 2016, 12]",74.0,2016,12.0,1887.689146940599
"[75.0, 2016, 01]",75.0,2016,1.0,2162.595134462925
"[75.0, 2016, 02]",75.0,2016,2.0,2146.136950101043
"[75.0, 2016, 03]",75.0,2016,3.0,1864.513757189492
"[75.0, 2016, 04]",75.0,2016,4.0,2039.6610446137108
"[75.0, 2016, 05]",75.0,2016,5.0,1758.9518886988976
"[75.0, 2016, 06]",75.0,2016,6.0,1653.741489196332
"[75.0, 2016, 07]",75.0,2016,7.0,1371.5233172703256
"[75.0, 2016, 08]",75.0,2016,8.0,1353.371832737448
"[75.0, 2016, 09]",75.0,2016,9.0,1500.5870511425458
"[75.0, 2016, 10]",75.0,2016,10.0,1946.8836468210798
"[75.0, 2016, 11]",75.0,2016,11.0,1942.3265195087831
"[75.0, 2016, 12]",75.0,2016,12.0,1893.7449867868806
"[76.0, 2016, 01]",76.0,2016,1.0,2175.285641142337
"[76.0, 2016, 02]",76.0,2016,2.0,2162.746956422801
"[76.0, 2016, 03]",76.0,2016,3.0,1925.717772215269
"[76.0, 2016, 04]",76.0,2016,4.0,2120.2849584708156
"[76.0, 2016, 05]",76.0,2016,5.0,1825.299123904881
"[76.0, 2016, 06]",76.0,2016,6.0,1702.7949140971668
"[76.0, 2016, 07]",76.0,2016,7.0,1371.1499032882011
"[76.0, 2016, 08]",76.0,2016,8.0,1391.1082034361132
"[76.0, 2016, 09]",76.0,2016,9.0,1505.0579133007168
"[76.0, 2016, 10]",76.0,2016,10.0,1982.7885424963022
"[76.0, 2016, 11]",76.0,2016,11.0,2010.0456252133351
"[76.0, 2016, 12]",76.0,2016,12.0,1930.6019456138351
"[77.0, 2016, 01]",77.0,2016,1.0,2086.9428031044154
"[77.0, 2016, 02]",77.0,2016,2.0,2129.822865714472
"[77.0, 2016, 03]",77.0,2016,3.0,1666.0766321006977
"[77.0, 2016, 04]",77.0,2016,4.0,1947.0963933998567
"[77.0, 2016, 05]",77.0,2016,5.0,1805.728559316507
"[77.0, 2016, 06]",77.0,2016,6.0,1595.3883127894085
"[77.0, 2016, 07]",77.0,2016,7.0,1361.127307115372
"[77.0, 2016, 08]",77.0,2016,8.0,1164.709319767821
"[77.0, 2016, 09]",77.0,2016,9.0,1426.6861018717798
"[77.0, 2016, 10]",77.0,2016,10.0,1835.8357138198655
"[77.0, 2016, 11]",77.0,2016,11.0,1880.5714472053742
"[77.0, 2016, 12]",77.0,2016,12.0,1892.5217504728364
"[78.0, 2016, 01]",78.0,2016,1.0,2157.252583354543
"[78.0, 2016, 02]",78.0,2016,2.0,2156.584321710359
"[78.0, 2016, 03]",78.0,2016,3.0,1812.5581063883938
"[78.0, 2016, 04]",78.0,2016,4.0,1999.0237210486127
"[78.0, 2016, 05]",78.0,2016,5.0,1765.329854924917
"[78.0, 2016, 06]",78.0,2016,6.0,1617.2754390430134
"[78.0, 2016, 07]",78.0,2016,7.0,1386.8317129040468
"[78.0, 2016, 08]",78.0,2016,8.0,1317.141613642148
"[78.0, 2016, 09]",78.0,2016,9.0,1489.6125222702979
"[78.0, 2016, 10]",78.0,2016,10.0,1919.5222193942477
"[78.0, 2016, 11]",78.0,2016,11.0,1930.9603461440568
"[78.0, 2016, 12]",78.0,2016,12.0,1908.993738864851
"[79.0, 2016, 01]",79.0,2016,1.0,1758.5064426684064
"[79.0, 2016, 02]",79.0,2016,2.0,1968.0742130158214
"[79.0, 2016, 03]",79.0,2016,3.0,2247.037024955146
"[79.0, 2016, 04]",79.0,2016,4.0,1920.7990539879302
"[79.0, 2016, 05]",79.0,2016,5.0,1712.046321970315
"[79.0, 2016, 06]",79.0,2016,6.0,1771.7346273038654
"[79.0, 2016, 07]",79.0,2016,7.0,1774.9445441200455
"[79.0, 2016, 08]",79.0,2016,8.0,1780.1050399608544
"[79.0, 2016, 09]",79.0,2016,9.0,1731.0668732670035
"[79.0, 2016, 10]",79.0,2016,10.0,1585.0071766432882
"[79.0, 2016, 11]",79.0,2016,11.0,1360.739031153156
"[79.0, 2016, 12]",79.0,2016,12.0,1351.4553906377428
"[80.0, 2016, 01]",80.0,2016,1.0,2103.677332131591
"[80.0, 2016, 02]",80.0,2016,2.0,2132.97476340694
"[80.0, 2016, 03]",80.0,2016,3.0,1669.95853988283
"[80.0, 2016, 04]",80.0,2016,4.0,1937.3650292924742
"[80.0, 2016, 05]",80.0,2016,5.0,1785.5980171248311
"[80.0, 2016, 06]",80.0,2016,6.0,1583.3348355114915
"[80.0, 2016, 07]",80.0,2016,7.0,1353.8044164037854
"[80.0, 2016, 08]",80.0,2016,8.0,1178.3546642631818
"[80.0, 2016, 09]",80.0,2016,9.0,1434.9242902208202
"[80.0, 2016, 10]",80.0,2016,10.0,1840.1793600721046
"[80.0, 2016, 11]",80.0,2016,11.0,1884.4069400630917
"[80.0, 2016, 12]",80.0,2016,12.0,1893.0531771068047
"[81.0, 2016, 01]",81.0,2016,1.0,2173.621152192605
"[81.0, 2016, 02]",81.0,2016,2.0,2154.3296646603617
"[81.0, 2016, 03]",81.0,2016,3.0,1868.737403267412
"[81.0, 2016, 04]",81.0,2016,4.0,2047.304041272571
"[81.0, 2016, 05]",81.0,2016,5.0,1771.9659501289768
"[81.0, 2016, 06]",81.0,2016,6.0,1654.080825451419
"[81.0, 2016, 07]",81.0,2016,7.0,1377.3181427343081
"[81.0, 2016, 08]",81.0,2016,8.0,1349.4564058469477
"[81.0, 2016, 09]",81.0,2016,9.0,1498.4632846087704
"[81.0, 2016, 10]",81.0,2016,10.0,1948.3650902837492
"[81.0, 2016, 11]",81.0,2016,11.0,1963.8515907136718
"[81.0, 2016, 12]",81.0,2016,12.0,1910.4500429922618
"[82.0, 2016, 01]",82.0,2016,1.0,2140.753076480736
"[82.0, 2016, 02]",82.0,2016,2.0,2147.1975848188617
"[82.0, 2016, 03]",82.0,2016,3.0,1772.8148361127087
"[82.0, 2016, 04]",82.0,2016,4.0,1965.8480736055205
"[82.0, 2016, 05]",82.0,2016,5.0,1755.818976423232
"[82.0, 2016, 06]",82.0,2016,6.0,1585.1960897067281
"[82.0, 2016, 07]",82.0,2016,7.0,1376.972052903968
"[82.0, 2016, 08]",82.0,2016,8.0,1277.1759631972402
"[82.0, 2016, 09]",82.0,2016,9.0,1477.6332374928124
"[82.0, 2016, 10]",82.0,2016,10.0,1890.733985048879
"[82.0, 2016, 11]",82.0,2016,11.0,1892.5444508338128
"[82.0, 2016, 12]",82.0,2016,12.0,1888.7558366877515
"[83.0, 2016, 01]",83.0,2016,1.0,2176.0014932059134
"[83.0, 2016, 02]",83.0,2016,2.0,2172.585784679708
"[83.0, 2016, 03]",83.0,2016,3.0,1953.8951769449009
"[83.0, 2016, 04]",83.0,2016,4.0,2190.293414961923
"[83.0, 2016, 05]",83.0,2016,5.0,1905.6184858892047
"[83.0, 2016, 06]",83.0,2016,6.0,1721.1426011647018
"[83.0, 2016, 07]",83.0,2016,7.0,1395.137822905779
"[83.0, 2016, 08]",83.0,2016,8.0,1407.2247274899214
"[83.0, 2016, 09]",83.0,2016,9.0,1497.8995072420485
"[83.0, 2016, 10]",83.0,2016,10.0,1991.4887262953566
"[83.0, 2016, 11]",83.0,2016,11.0,2047.2377183813653
"[83.0, 2016, 12]",83.0,2016,12.0,1956.7979692399588
"[84.0, 2016, 01]",84.0,2016,1.0,2176.280097993467
"[84.0, 2016, 02]",84.0,2016,2.0,2174.895240317312
"[84.0, 2016, 03]",84.0,2016,3.0,1938.2831311245914
"[84.0, 2016, 04]",84.0,2016,4.0,2164.9932337844143
"[84.0, 2016, 05]",84.0,2016,5.0,1893.3203453103124
"[84.0, 2016, 06]",84.0,2016,6.0,1704.7554829678018
"[84.0, 2016, 07]",84.0,2016,7.0,1398.4473868408772
"[84.0, 2016, 08]",84.0,2016,8.0,1395.236000933271
"[84.0, 2016, 09]",84.0,2016,9.0,1503.7930471301913
"[84.0, 2016, 10]",84.0,2016,10.0,1987.0914605692958
"[84.0, 2016, 11]",84.0,2016,11.0,2043.4182221185251
"[84.0, 2016, 12]",84.0,2016,12.0,1962.7395006999536
"[85.0, 2016, 01]",85.0,2016,1.0,2177.8537249014826
"[85.0, 2016, 02]",85.0,2016,2.0,2174.7834959654724
"[85.0, 2016, 03]",85.0,2016,3.0,1942.9439857384125
"[85.0, 2016, 04]",85.0,2016,4.0,2206.788656408332
"[85.0, 2016, 05]",85.0,2016,5.0,1929.1895759054232
"[85.0, 2016, 06]",85.0,2016,6.0,1695.1133420904482
"[85.0, 2016, 07]",85.0,2016,7.0,1415.9200131356727
"[85.0, 2016, 08]",85.0,2016,8.0,1407.9090354663163
"[85.0, 2016, 09]",85.0,2016,9.0,1496.4132107337211
"[85.0, 2016, 10]",85.0,2016,10.0,1980.0407674985925
"[85.0, 2016, 11]",85.0,2016,11.0,2070.4012948020263
"[85.0, 2016, 12]",85.0,2016,12.0,1973.219037342841
"[86.0, 2016, 01]",86.0,2016,1.0,2084.453512757777
"[86.0, 2016, 02]",86.0,2016,2.0,1881.2873121286266
"[86.0, 2016, 03]",86.0,2016,3.0,2084.3393918210418
"[86.0, 2016, 04]",86.0,2016,4.0,1910.8841314225797
"[86.0, 2016, 05]",86.0,2016,5.0,1967.3402656413841
"[86.0, 2016, 06]",86.0,2016,6.0,1967.3327507864385
"[86.0, 2016, 07]",86.0,2016,7.0,2179.395665851101
"[86.0, 2016, 08]",86.0,2016,8.0,2501.6793079342888
"[86.0, 2016, 09]",86.0,2016,9.0,2681.9229290457884
"[86.0, 2016, 10]",86.0,2016,10.0,2773.604334148899
"[86.0, 2016, 11]",86.0,2016,11.0,2449.9171618315277
"[86.0, 2016, 12]",86.0,2016,12.0,1650.6962600489342
"[87.0, 2016, 01]",87.0,2016,1.0,2126.03815744242
"[87.0, 2016, 02]",87.0,2016,2.0,2116.6213475421105
"[87.0, 2016, 03]",87.0,2016,3.0,2373.1474733585424
"[87.0, 2016, 04]",87.0,2016,4.0,2302.7571330354076
"[87.0, 2016, 05]",87.0,2016,5.0,1984.0881746304572
"[87.0, 2016, 06]",87.0,2016,6.0,1753.5412512891028
"[87.0, 2016, 07]",87.0,2016,7.0,1985.7485390168442
"[87.0, 2016, 08]",87.0,2016,8.0,2141.6375042970094
"[87.0, 2016, 09]",87.0,2016,9.0,1982.8128222756961
"[87.0, 2016, 10]",87.0,2016,10.0,1916.662770711585
"[87.0, 2016, 11]",87.0,2016,11.0,1780.9709522172566
"[87.0, 2016, 12]",87.0,2016,12.0,1726.662255070471
"[88.0, 2016, 01]",88.0,2016,1.0,2106.9756202495337
"[88.0, 2016, 02]",88.0,2016,2.0,2127.7724078588844
"[88.0, 2016, 03]",88.0,2016,3.0,2375.474974903198
"[88.0, 2016, 04]",88.0,2016,4.0,2296.50867632296
"[88.0, 2016, 05]",88.0,2016,5.0,1989.444571920264
"[88.0, 2016, 06]",88.0,2016,6.0,1763.7496056216837
"[88.0, 2016, 07]",88.0,2016,7.0,1991.2359099383336
"[88.0, 2016, 08]",88.0,2016,8.0,2141.6416176681487
"[88.0, 2016, 09]",88.0,2016,9.0,2013.051197475979
"[88.0, 2016, 10]",88.0,2016,10.0,1926.7655241646353
"[88.0, 2016, 11]",88.0,2016,11.0,1793.896170945074
"[88.0, 2016, 12]",88.0,2016,12.0,1705.4994980639613
"[89.0, 2016, 01]",89.0,2016,1.0,2178.0313665883655
"[89.0, 2016, 02]",89.0,2016,2.0,2179.750863617521
"[89.0, 2016, 03]",89.0,2016,3.0,1933.6827414674588
"[89.0, 2016, 04]",89.0,2016,4.0,2178.995163741882
"[89.0, 2016, 05]",89.0,2016,5.0,1914.8551886140665
"[89.0, 2016, 06]",89.0,2016,6.0,1698.2158352908666
"[89.0, 2016, 07]",89.0,2016,7.0,1421.2271659527428
"[89.0, 2016, 08]",89.0,2016,8.0,1393.9976509603425
"[89.0, 2016, 09]",89.0,2016,9.0,1506.6061904103908
"[89.0, 2016, 10]",89.0,2016,10.0,1980.0319193035791
"[89.0, 2016, 11]",89.0,2016,11.0,2067.3359126709965
"[89.0, 2016, 12]",89.0,2016,12.0,1983.6609092165259
"[90.0, 2016, 01]",90.0,2016,1.0,2215.661090124123
"[90.0, 2016, 02]",90.0,2016,2.0,2173.048749775139
"[90.0, 2016, 03]",90.0,2016,3.0,2452.9391976974275
"[90.0, 2016, 04]",90.0,2016,4.0,2351.6639683396293
"[90.0, 2016, 05]",90.0,2016,5.0,1978.9390178089584
"[90.0, 2016, 06]",90.0,2016,6.0,1744.9911854650118
"[90.0, 2016, 07]",90.0,2016,7.0,1978.9597049829108
"[90.0, 2016, 08]",90.0,2016,8.0,2109.435689872279
"[90.0, 2016, 09]",90.0,2016,9.0,1930.8201115308507
"[90.0, 2016, 10]",90.0,2016,10.0,1898.2817053426875
"[90.0, 2016, 11]",90.0,2016,11.0,1803.6452599388379
"[90.0, 2016, 12]",90.0,2016,12.0,1754.9053786652275
"[91.0, 2016, 01]",91.0,2016,1.0,2266.61676276771
"[91.0, 2016, 02]",91.0,2016,2.0,2193.7990115321254
"[91.0, 2016, 03]",91.0,2016,3.0,2494.7273476112027
"[91.0, 2016, 04]",91.0,2016,4.0,2416.0512767710047
"[91.0, 2016, 05]",91.0,2016,5.0,2022.5609555189455
"[91.0, 2016, 06]",91.0,2016,6.0,1763.0076194398682
"[91.0, 2016, 07]",91.0,2016,7.0,1997.2652388797362
"[91.0, 2016, 08]",91.0,2016,8.0,2068.9837314662273
"[91.0, 2016, 09]",91.0,2016,9.0,1863.703871499176
"[91.0, 2016, 10]",91.0,2016,10.0,1885.3379324546952
"[91.0, 2016, 11]",91.0,2016,11.0,1867.1155271828668
"[91.0, 2016, 12]",91.0,2016,12.0,1786.7675041186162
"[92.0, 2016, 01]",92.0,2016,1.0,2305.6521739130435
"[92.0, 2016, 02]",92.0,2016,2.0,2505.913043478261
"[92.0, 2016, 03]",92.0,2016,3.0,2922.6521739130435
"[92.0, 2016, 04]",92.0,2016,4.0,2858.521739130435
"[92.0, 2016, 05]",92.0,2016,5.0,2218.1304347826085
"[92.0, 2016, 06]",92.0,2016,6.0,2115.217391304348
"[92.0, 2016, 07]",92.0,2016,7.0,2119.217391304348
"[92.0, 2016, 08]",92.0,2016,8.0,2114.1739130434785
"[92.0, 2016, 09]",92.0,2016,9.0,2072.5652173913045
"[92.0, 2016, 10]",92.0,2016,10.0,1999.8695652173913
"[92.0, 2016, 11]",92.0,2016,11.0,2163.8695652173915
"[92.0, 2016, 12]",92.0,2016,12.0,1875.7391304347825
"[93.0, 2016, 01]",93.0,2016,1.0,1993.0058610584385
"[93.0, 2016, 02]",93.0,2016,2.0,2214.540596448888
"[93.0, 2016, 03]",93.0,2016,3.0,2004.2304775038785
"[93.0, 2016, 04]",93.0,2016,4.0,2173.485088777797
"[93.0, 2016, 05]",93.0,2016,5.0,1970.9427684881914
"[93.0, 2016, 06]",93.0,2016,6.0,1797.1173935528357
"[93.0, 2016, 07]",93.0,2016,7.0,1449.427167729702
"[93.0, 2016, 08]",93.0,2016,8.0,1392.3271849681087
"[93.0, 2016, 09]",93.0,2016,9.0,1418.2440958455438
"[93.0, 2016, 10]",93.0,2016,10.0,2070.0848129632823
"[93.0, 2016, 11]",93.0,2016,11.0,1979.0868815721426
"[93.0, 2016, 12]",93.0,2016,12.0,1864.1073952766762
"[94.0, 2016, 01]",94.0,2016,1.0,1991.632388075205
"[94.0, 2016, 02]",94.0,2016,2.0,2239.6972057754233
"[94.0, 2016, 03]",94.0,2016,3.0,2031.2997818635088
"[94.0, 2016, 04]",94.0,2016,4.0,2185.35400436273
"[94.0, 2016, 05]",94.0,2016,5.0,1960.2652955230083
"[94.0, 2016, 06]",94.0,2016,6.0,1807.6419445310064
"[94.0, 2016, 07]",94.0,2016,7.0,1450.1325438869846
"[94.0, 2016, 08]",94.0,2016,8.0,1415.839617741768
"[94.0, 2016, 09]",94.0,2016,9.0,1421.4400124649424
"[94.0, 2016, 10]",94.0,2016,10.0,2051.3920224368962
"[94.0, 2016, 11]",94.0,2016,11.0,1966.6433987742812
"[94.0, 2016, 12]",94.0,2016,12.0,1870.5032720473669
"[95.0, 2016, 01]",95.0,2016,1.0,2401.3112738686896
"[95.0, 2016, 02]",95.0,2016,2.0,2530.1127386868957
"[95.0, 2016, 03]",95.0,2016,3.0,2634.6714622024588
"[95.0, 2016, 04]",95.0,2016,4.0,2623.4308134972534
"[95.0, 2016, 05]",95.0,2016,5.0,2127.125555846194
"[95.0, 2016, 06]",95.0,2016,6.0,2103.962071671462
"[95.0, 2016, 07]",95.0,2016,7.0,1942.7277007585667
"[95.0, 2016, 08]",95.0,2016,8.0,1936.1203243526024
"[95.0, 2016, 09]",95.0,2016,9.0,2087.828145435522
"[95.0, 2016, 10]",95.0,2016,10.0,2083.090766413811
"[95.0, 2016, 11]",95.0,2016,11.0,1750.5364896678004
"[95.0, 2016, 12]",95.0,2016,12.0,2020.8022495422445
"[96.0, 2016, 01]",96.0,2016,1.0,1928.9521428571427
"[96.0, 2016, 02]",96.0,2016,2.0,2210.391428571428
"[96.0, 2016, 03]",96.0,2016,3.0,2482.4857142857145
"[96.0, 2016, 04]",96.0,2016,4.0,2708.058571428571
"[96.0, 2016, 05]",96.0,2016,5.0,2048.1007142857143
"[96.0, 2016, 06]",96.0,2016,6.0,2058.0114285714285
"[96.0, 2016, 07]",96.0,2016,7.0,2148.0507142857145
"[96.0, 2016, 08]",96.0,2016,8.0,2054.933571428571
"[96.0, 2016, 09]",96.0,2016,9.0,1928.4442857142856
"[96.0, 2016, 10]",96.0,2016,10.0,1780.2421428571427
"[96.0, 2016, 11]",96.0,2016,11.0,1723.0935714285715
"[96.0, 2016, 12]",96.0,2016,12.0,1201.8985714285716
"[97.0, 2016, 01]",97.0,2016,1.0,1922.69023962595
"[97.0, 2016, 02]",97.0,2016,2.0,2205.6557568673293
"[97.0, 2016, 03]",97.0,2016,3.0,2474.2700175336067
"[97.0, 2016, 04]",97.0,2016,4.0,2713.7048509643487
"[97.0, 2016, 05]",97.0,2016,5.0,2050.6598480420807
"[97.0, 2016, 06]",97.0,2016,6.0,2053.698421975453
"[97.0, 2016, 07]",97.0,2016,7.0,2149.5382817066043
"[97.0, 2016, 08]",97.0,2016,8.0,2069.6002337814143
"[97.0, 2016, 09]",97.0,2016,9.0,1935.2372881355934
"[97.0, 2016, 10]",97.0,2016,10.0,1805.7340736411456
"[97.0, 2016, 11]",97.0,2016,11.0,1706.1718293395677
"[97.0, 2016, 12]",97.0,2016,12.0,1208.759789596727
"[98.0, 2016, 01]",98.0,2016,1.0,1922.1202699712314
"[98.0, 2016, 02]",98.0,2016,2.0,2380.7944235450313
"[98.0, 2016, 03]",98.0,2016,3.0,2282.035627351184
"[98.0, 2016, 04]",98.0,2016,4.0,2232.2054658110196
"[98.0, 2016, 05]",98.0,2016,5.0,2000.5688205355161
"[98.0, 2016, 06]",98.0,2016,6.0,1803.9502102235003
"[98.0, 2016, 07]",98.0,2016,7.0,1543.5894003098024
"[98.0, 2016, 08]",98.0,2016,8.0,1567.8119052887803
"[98.0, 2016, 09]",98.0,2016,9.0,1641.9046249170167
"[98.0, 2016, 10]",98.0,2016,10.0,2064.4396990484615
"[98.0, 2016, 11]",98.0,2016,11.0,1920.4234343881383
"[98.0, 2016, 12]",98.0,2016,12.0,1972.917680902854
"[99.0, 2016, 01]",99.0,2016,1.0,2029.270935960591
"[99.0, 2016, 02]",99.0,2016,2.0,2253.552709359606
"[99.0, 2016, 03]",99.0,2016,3.0,2481.6187192118223
"[99.0, 2016, 04]",99.0,2016,4.0,2323.3901477832515
"[99.0, 2016, 05]",99.0,2016,5.0,2061.5133004926106
"[99.0, 2016, 06]",99.0,2016,6.0,2174.2935960591135
"[99.0, 2016, 07]",99.0,2016,7.0,2272.5014778325126
"[99.0, 2016, 08]",99.0,2016,8.0,2275.465024630542
"[99.0, 2016, 09]",99.0,2016,9.0,2357.2955665024633
"[99.0, 2016, 10]",99.0,2016,10.0,2317.9576354679803
"[99.0, 2016, 11]",99.0,2016,11.0,1961.5783251231526
"[99.0, 2016, 12]",99.0,2016,12.0,1675.0128078817734
"[100.0, 2016, 01]",100.0,2016,1.0,2060.0412505427703
"[100.0, 2016, 02]",100.0,2016,2.0,2243.9218410768567
"[100.0, 2016, 03]",100.0,2016,3.0,2521.6767983789255
"[100.0, 2016, 04]",100.0,2016,4.0,2348.2773194384135
"[100.0, 2016, 05]",100.0,2016,5.0,2051.678245766392
"[100.0, 2016, 06]",100.0,2016,6.0,2189.8270371978574
"[100.0, 2016, 07]",100.0,2016,7.0,2294.1781733970183
"[100.0, 2016, 08]",100.0,2016,8.0,2293.8380373425966
"[100.0, 2016, 09]",100.0,2016,9.0,2368.876537849182
"[100.0, 2016, 10]",100.0,2016,10.0,2350.7302069764073
"[100.0, 2016, 11]",100.0,2016,11.0,1966.0798957881025
"[100.0, 2016, 12]",100.0,2016,12.0,1693.0127370096977
"[101.0, 2016, 01]",101.0,2016,1.0,1885.8982342007434
"[101.0, 2016, 02]",101.0,2016,2.0,2420.0946793680296
"[101.0, 2016, 03]",101.0,2016,3.0,2403.022653345725
"[101.0, 2016, 04]",101.0,2016,4.0,2320.836779739777
"[101.0, 2016, 05]",101.0,2016,5.0,2074.3935873605947
"[101.0, 2016, 06]",101.0,2016,6.0,1819.7503485130112
"[101.0, 2016, 07]",101.0,2016,7.0,1586.9140334572492
"[101.0, 2016, 08]",101.0,2016,8.0,1620.9603856877322
"[101.0, 2016, 09]",101.0,2016,9.0,1692.8550185873605
"[101.0, 2016, 10]",101.0,2016,10.0,2076.908805762082
"[101.0, 2016, 11]",101.0,2016,11.0,1915.5188197026023
"[101.0, 2016, 12]",101.0,2016,12.0,1984.0002323420074
"[102.0, 2016, 01]",102.0,2016,1.0,1898.7956689536875
"[102.0, 2016, 02]",102.0,2016,2.0,2433.3368353344767
"[102.0, 2016, 03]",102.0,2016,3.0,2528.1908233276154
"[102.0, 2016, 04]",102.0,2016,4.0,2459.2787307032586
"[102.0, 2016, 05]",102.0,2016,5.0,2281.663593481989
"[102.0, 2016, 06]",102.0,2016,6.0,1938.6580188679243
"[102.0, 2016, 07]",102.0,2016,7.0,1635.2375643224698
"[102.0, 2016, 08]",102.0,2016,8.0,1658.3186106346482
"[102.0, 2016, 09]",102.0,2016,9.0,1724.6843910806174
"[102.0, 2016, 10]",102.0,2016,10.0,2097.6884648370497
"[102.0, 2016, 11]",102.0,2016,11.0,1919.159305317324
"[102.0, 2016, 12]",102.0,2016,12.0,1971.9849914236704
"[103.0, 2016, 01]",103.0,2016,1.0,2086.2766852647947
"[103.0, 2016, 02]",103.0,2016,2.0,2310.8372816244396
"[103.0, 2016, 03]",103.0,2016,3.0,2569.496295618769
"[103.0, 2016, 04]",103.0,2016,4.0,2423.015274855941
"[103.0, 2016, 05]",103.0,2016,5.0,2112.019116436477
"[103.0, 2016, 06]",103.0,2016,6.0,2248.381322601299
"[103.0, 2016, 07]",103.0,2016,7.0,2337.7925546510564
"[103.0, 2016, 08]",103.0,2016,8.0,2345.9360651239363
"[103.0, 2016, 09]",103.0,2016,9.0,2403.526113601025
"[103.0, 2016, 10]",103.0,2016,10.0,2422.439403640355
"[103.0, 2016, 11]",103.0,2016,11.0,1975.0347571572302
"[103.0, 2016, 12]",103.0,2016,12.0,1752.4074819354248
"[104.0, 2016, 01]",104.0,2016,1.0,1921.6392075078204
"[104.0, 2016, 02]",104.0,2016,2.0,2290.194994786236
"[104.0, 2016, 03]",104.0,2016,3.0,2513.3386339937433
"[104.0, 2016, 04]",104.0,2016,4.0,2654.641032325339
"[104.0, 2016, 05]",104.0,2016,5.0,2149.055526590198
"[104.0, 2016, 06]",104.0,2016,6.0,2220.5550052137646
"[104.0, 2016, 07]",104.0,2016,7.0,2142.6233055265902
"[104.0, 2016, 08]",104.0,2016,8.0,2204.8138686131388
"[104.0, 2016, 09]",104.0,2016,9.0,1961.7849322210636
"[104.0, 2016, 10]",104.0,2016,10.0,1669.140510948905
"[104.0, 2016, 11]",104.0,2016,11.0,1750.594629822732
"[104.0, 2016, 12]",104.0,2016,12.0,1312.645724713243
"[105.0, 2016, 01]",105.0,2016,1.0,2187.443642921551
"[105.0, 2016, 02]",105.0,2016,2.0,2409.443342350466
"[105.0, 2016, 03]",105.0,2016,3.0,2459.671475804028
"[105.0, 2016, 04]",105.0,2016,4.0,2190.665163811241
"[105.0, 2016, 05]",105.0,2016,5.0,2192.423504658852
"[105.0, 2016, 06]",105.0,2016,6.0,2170.276224827172
"[105.0, 2016, 07]",105.0,2016,7.0,2310.97625488428
"[105.0, 2016, 08]",105.0,2016,8.0,2433.1656146678692
"[105.0, 2016, 09]",105.0,2016,9.0,2405.6771866546437
"[105.0, 2016, 10]",105.0,2016,10.0,1979.5398256687706
"[105.0, 2016, 11]",105.0,2016,11.0,1793.0453862338443
"[105.0, 2016, 12]",105.0,2016,12.0,2183.229936880072
"[106.0, 2016, 01]",106.0,2016,1.0,1940.1742785093863
"[106.0, 2016, 02]",106.0,2016,2.0,2425.798823199776
"[106.0, 2016, 03]",106.0,2016,3.0,2652.52022041655
"[106.0, 2016, 04]",106.0,2016,4.0,2632.8993182030454
"[106.0, 2016, 05]",106.0,2016,5.0,2542.117586625572
"[106.0, 2016, 06]",106.0,2016,6.0,2103.570654711871
"[106.0, 2016, 07]",106.0,2016,7.0,1730.3160549173444
"[106.0, 2016, 08]",106.0,2016,8.0,1735.723545344168
"[106.0, 2016, 09]",106.0,2016,9.0,1770.788362753339
"[106.0, 2016, 10]",106.0,2016,10.0,2118.6896422900913
"[106.0, 2016, 11]",106.0,2016,11.0,1957.2096759129538
"[106.0, 2016, 12]",106.0,2016,12.0,1935.2988698981978
"[107.0, 2016, 01]",107.0,2016,1.0,1974.2222351979447
"[107.0, 2016, 02]",107.0,2016,2.0,2421.9678850870023
"[107.0, 2016, 03]",107.0,2016,3.0,2715.9154501926896
"[107.0, 2016, 04]",107.0,2016,4.0,2745.8688543734675
"[107.0, 2016, 05]",107.0,2016,5.0,2697.1467943477755
"[107.0, 2016, 06]",107.0,2016,6.0,2206.4123554828916
"[107.0, 2016, 07]",107.0,2016,7.0,1766.9216396122856
"[107.0, 2016, 08]",107.0,2016,8.0,1761.62256218615
"[107.0, 2016, 09]",107.0,2016,9.0,1821.7500875861263
"[107.0, 2016, 10]",107.0,2016,10.0,2143.9253766203437
"[107.0, 2016, 11]",107.0,2016,11.0,1988.7986686908794
"[107.0, 2016, 12]",107.0,2016,12.0,1914.795282027327
"[108.0, 2016, 01]",108.0,2016,1.0,1980.9294300664687
"[108.0, 2016, 02]",108.0,2016,2.0,2412.7967755621557
"[108.0, 2016, 03]",108.0,2016,3.0,2701.7065478715886
"[108.0, 2016, 04]",108.0,2016,4.0,2773.566963654363
"[108.0, 2016, 05]",108.0,2016,5.0,2749.6994767359643
"[108.0, 2016, 06]",108.0,2016,6.0,2310.9551690001417
"[108.0, 2016, 07]",108.0,2016,7.0,1858.4278037052752
"[108.0, 2016, 08]",108.0,2016,8.0,1901.924056003394
"[108.0, 2016, 09]",108.0,2016,9.0,1884.5232640362044
"[108.0, 2016, 10]",108.0,2016,10.0,2147.0876820817425
"[108.0, 2016, 11]",108.0,2016,11.0,2003.7810776410693
"[108.0, 2016, 12]",108.0,2016,12.0,1892.8203931551411
"[109.0, 2016, 01]",109.0,2016,1.0,2164.4560576923072
"[109.0, 2016, 02]",109.0,2016,2.0,2562.0470192307694
"[109.0, 2016, 03]",109.0,2016,3.0,2787.3034615384613
"[109.0, 2016, 04]",109.0,2016,4.0,3072.5121153846153
"[109.0, 2016, 05]",109.0,2016,5.0,2279.9025
"[109.0, 2016, 06]",109.0,2016,6.0,1855.6861538461535
"[109.0, 2016, 07]",109.0,2016,7.0,1659.4886538461537
"[109.0, 2016, 08]",109.0,2016,8.0,1628.818173076923
"[109.0, 2016, 09]",109.0,2016,9.0,1391.0898076923074
"[109.0, 2016, 10]",109.0,2016,10.0,1814.9205769230764
"[109.0, 2016, 11]",109.0,2016,11.0,2059.8185576923074
"[109.0, 2016, 12]",109.0,2016,12.0,1830.6170192307693
"[110.0, 2016, 01]",110.0,2016,1.0,1976.7381258023106
"[110.0, 2016, 02]",110.0,2016,2.0,2412.356867779204
"[110.0, 2016, 03]",110.0,2016,3.0,2666.487804878049
"[110.0, 2016, 04]",110.0,2016,4.0,2773.6136071887036
"[110.0, 2016, 05]",110.0,2016,5.0,2738.292682926829
"[110.0, 2016, 06]",110.0,2016,6.0,2318.084724005135
"[110.0, 2016, 07]",110.0,2016,7.0,1899.0462130937099
"[110.0, 2016, 08]",110.0,2016,8.0,1957.1617458279845
"[110.0, 2016, 09]",110.0,2016,9.0,1923.4582798459562
"[110.0, 2016, 10]",110.0,2016,10.0,2152.8523748395373
"[110.0, 2016, 11]",110.0,2016,11.0,2013.6611039794607
"[110.0, 2016, 12]",110.0,2016,12.0,1881.9216944801026
"[111.0, 2016, 01]",111.0,2016,1.0,2190.1151231945623
"[111.0, 2016, 02]",111.0,2016,2.0,2565.317863211554
"[111.0, 2016, 03]",111.0,2016,3.0,2803.1182030586237
"[111.0, 2016, 04]",111.0,2016,4.0,3108.8198810535255
"[111.0, 2016, 05]",111.0,2016,5.0,2277.1734282073066
"[111.0, 2016, 06]",111.0,2016,6.0,1823.5471537807985
"[111.0, 2016, 07]",111.0,2016,7.0,1601.4577315208155
"[111.0, 2016, 08]",111.0,2016,8.0,1596.7118734069666
"[111.0, 2016, 09]",111.0,2016,9.0,1369.1814995751909
"[111.0, 2016, 10]",111.0,2016,10.0,1843.9669711129993
"[111.0, 2016, 11]",111.0,2016,11.0,2096.191588785047
"[111.0, 2016, 12]",111.0,2016,12.0,1874.2871707731517
"[112.0, 2016, 01]",112.0,2016,1.0,1989.1557203389832
"[112.0, 2016, 02]",112.0,2016,2.0,2410.3929121725732
"[112.0, 2016, 03]",112.0,2016,3.0,2683.7929506933747
"[112.0, 2016, 04]",112.0,2016,4.0,2786.103813559322
"[112.0, 2016, 05]",112.0,2016,5.0,2749.259244992296
"[112.0, 2016, 06]",112.0,2016,6.0,2340.903312788906
"[112.0, 2016, 07]",112.0,2016,7.0,1883.0463212634825
"[112.0, 2016, 08]",112.0,2016,8.0,1965.5334167950696
"[112.0, 2016, 09]",112.0,2016,9.0,1902.9614791987674
"[112.0, 2016, 10]",112.0,2016,10.0,2162.165061633282
"[112.0, 2016, 11]",112.0,2016,11.0,2018.252407550077
"[112.0, 2016, 12]",112.0,2016,12.0,1879.7217835130973
"[113.0, 2016, 01]",113.0,2016,1.0,2321.304062371768
"[113.0, 2016, 02]",113.0,2016,2.0,2602.9917931883456
"[113.0, 2016, 03]",113.0,2016,3.0,2753.9384489125973
"[113.0, 2016, 04]",113.0,2016,4.0,2596.595814526056
"[113.0, 2016, 05]",113.0,2016,5.0,2563.7773902338936
"[113.0, 2016, 06]",113.0,2016,6.0,2377.745178498153
"[113.0, 2016, 07]",113.0,2016,7.0,2671.572835453426
"[113.0, 2016, 08]",113.0,2016,8.0,2445.618383258103
"[113.0, 2016, 09]",113.0,2016,9.0,2472.2755437012715
"[113.0, 2016, 10]",113.0,2016,10.0,2125.3227328682806
"[113.0, 2016, 11]",113.0,2016,11.0,2113.593967993434
"[113.0, 2016, 12]",113.0,2016,12.0,2014.8329913828475
"[114.0, 2016, 01]",114.0,2016,1.0,2018.2714164546226
"[114.0, 2016, 02]",114.0,2016,2.0,2416.732683064744
"[114.0, 2016, 03]",114.0,2016,3.0,2673.4749787955893
"[114.0, 2016, 04]",114.0,2016,4.0,2794.104608425219
"[114.0, 2016, 05]",114.0,2016,5.0,2769.386485722363
"[114.0, 2016, 06]",114.0,2016,6.0,2459.155499010461
"[114.0, 2016, 07]",114.0,2016,7.0,1984.5145603618885
"[114.0, 2016, 08]",114.0,2016,8.0,2057.5834040147015
"[114.0, 2016, 09]",114.0,2016,9.0,1967.7793327678821
"[114.0, 2016, 10]",114.0,2016,10.0,2199.6081424936388
"[114.0, 2016, 11]",114.0,2016,11.0,2039.1834888323438
"[114.0, 2016, 12]",114.0,2016,12.0,1906.2357930449534
"[115.0, 2016, 01]",115.0,2016,1.0,2296.971482889734
"[115.0, 2016, 02]",115.0,2016,2.0,2566.4282319391637
"[115.0, 2016, 03]",115.0,2016,3.0,2673.6763307984793
"[115.0, 2016, 04]",115.0,2016,4.0,2526.2514258555134
"[115.0, 2016, 05]",115.0,2016,5.0,2558.152091254753
"[115.0, 2016, 06]",115.0,2016,6.0,2398.874049429658
"[115.0, 2016, 07]",115.0,2016,7.0,2711.8441064638787
"[115.0, 2016, 08]",115.0,2016,8.0,2470.0570342205324
"[115.0, 2016, 09]",115.0,2016,9.0,2495.845532319392
"[115.0, 2016, 10]",115.0,2016,10.0,2189.7519011406844
"[115.0, 2016, 11]",115.0,2016,11.0,2119.4230038022815
"[115.0, 2016, 12]",115.0,2016,12.0,2019.3317490494298
"[116.0, 2016, 01]",116.0,2016,1.0,2041.78141204627
"[116.0, 2016, 02]",116.0,2016,2.0,2450.4878340646187
"[116.0, 2016, 03]",116.0,2016,3.0,2635.579178300757
"[116.0, 2016, 04]",116.0,2016,4.0,2800.8733546071
"[116.0, 2016, 05]",116.0,2016,5.0,2800.957120063821
"[116.0, 2016, 06]",116.0,2016,6.0,2546.589549262066
"[116.0, 2016, 07]",116.0,2016,7.0,2139.7518946948544
"[116.0, 2016, 08]",116.0,2016,8.0,2203.7092142002393
"[116.0, 2016, 09]",116.0,2016,9.0,2069.1854806541683
"[116.0, 2016, 10]",116.0,2016,10.0,2241.149581172717
"[116.0, 2016, 11]",116.0,2016,11.0,2031.3015556441958
"[116.0, 2016, 12]",116.0,2016,12.0,1924.2614678899083
"[117.0, 2016, 01]",117.0,2016,1.0,2056.551326762699
"[117.0, 2016, 02]",117.0,2016,2.0,2432.087945413191
"[117.0, 2016, 03]",117.0,2016,3.0,2663.31053828658
"[117.0, 2016, 04]",117.0,2016,4.0,2848.095830174374
"[117.0, 2016, 05]",117.0,2016,5.0,2855.057771038665
"[117.0, 2016, 06]",117.0,2016,6.0,2674.900985595147
"[117.0, 2016, 07]",117.0,2016,7.0,2255.8956785443515
"[117.0, 2016, 08]",117.0,2016,8.0,2235.677331311599
"[117.0, 2016, 09]",117.0,2016,9.0,2123.6679302501893
"[117.0, 2016, 10]",117.0,2016,10.0,2294.318877937831
"[117.0, 2016, 11]",117.0,2016,11.0,2032.9775587566335
"[117.0, 2016, 12]",117.0,2016,12.0,1953.1442001516295
"[118.0, 2016, 01]",118.0,2016,1.0,2080.816650625602
"[118.0, 2016, 02]",118.0,2016,2.0,2502.333012512031
"[118.0, 2016, 03]",118.0,2016,3.0,2678.388835418672
"[118.0, 2016, 04]",118.0,2016,4.0,2908.8390279114537
"[118.0, 2016, 05]",118.0,2016,5.0,2269.659047160732
"[118.0, 2016, 06]",118.0,2016,6.0,1594.0312800769973
"[118.0, 2016, 07]",118.0,2016,7.0,1357.7921077959577
"[118.0, 2016, 08]",118.0,2016,8.0,1675.456689124158
"[118.0, 2016, 09]",118.0,2016,9.0,1550.6056304138597
"[118.0, 2016, 10]",118.0,2016,10.0,1887.322666025024
"[118.0, 2016, 11]",118.0,2016,11.0,2145.761549566891
"[118.0, 2016, 12]",118.0,2016,12.0,1863.4675168431183
"[119.0, 2016, 01]",119.0,2016,1.0,2099.409766454353
"[119.0, 2016, 02]",119.0,2016,2.0,2505.396602972399
"[119.0, 2016, 03]",119.0,2016,3.0,2676.4000000000005
"[119.0, 2016, 04]",119.0,2016,4.0,2957.142958244869
"[119.0, 2016, 05]",119.0,2016,5.0,2307.202264685068
"[119.0, 2016, 06]",119.0,2016,6.0,1588.4785562632699
"[119.0, 2016, 07]",119.0,2016,7.0,1362.5626326963916
"[119.0, 2016, 08]",119.0,2016,8.0,1649.6072186836523
"[119.0, 2016, 09]",119.0,2016,9.0,1537.0288747346076
"[119.0, 2016, 10]",119.0,2016,10.0,1902.8019815994348
"[119.0, 2016, 11]",119.0,2016,11.0,2156.8263269639074
"[119.0, 2016, 12]",119.0,2016,12.0,1886.1176220806794
"[120.0, 2016, 01]",120.0,2016,1.0,2037.4
"[120.0, 2016, 02]",120.0,2016,2.0,2449.0666666666666
"[120.0, 2016, 03]",120.0,2016,3.0,2578.8
"[120.0, 2016, 04]",120.0,2016,4.0,2722.4
"[120.0, 2016, 05]",120.0,2016,5.0,2355.266666666667
"[120.0, 2016, 06]",120.0,2016,6.0,1955.1333333333334
"[120.0, 2016, 07]",120.0,2016,7.0,1586.2
"[120.0, 2016, 08]",120.0,2016,8.0,1738.2
"[120.0, 2016, 09]",120.0,2016,9.0,1827.2
"[120.0, 2016, 10]",120.0,2016,10.0,1948.0
"[120.0, 2016, 11]",120.0,2016,11.0,2084.4
"[120.0, 2016, 12]",120.0,2016,12.0,1870.8666666666666
"[121.0, 2016, 01]",121.0,2016,1.0,1665.4536004536003
"[121.0, 2016, 02]",121.0,2016,2.0,1883.8675108675109
"[121.0, 2016, 03]",121.0,2016,3.0,2151.193725193725
"[121.0, 2016, 04]",121.0,2016,4.0,2278.138915138915
"[121.0, 2016, 05]",121.0,2016,5.0,2566.922320922321
"[121.0, 2016, 06]",121.0,2016,6.0,2375.343035343035
"[121.0, 2016, 07]",121.0,2016,7.0,2428.7388017388016
"[121.0, 2016, 08]",121.0,2016,8.0,2318.017766017766
"[121.0, 2016, 09]",121.0,2016,9.0,2280.6565866565866
"[121.0, 2016, 10]",121.0,2016,10.0,2109.235683235683
"[121.0, 2016, 11]",121.0,2016,11.0,1901.3245133245132
"[121.0, 2016, 12]",121.0,2016,12.0,1663.1098091098088
"[122.0, 2016, 01]",122.0,2016,1.0,1551.829486345904
"[122.0, 2016, 02]",122.0,2016,2.0,1764.2797464239272
"[122.0, 2016, 03]",122.0,2016,3.0,2048.4611508452535
"[122.0, 2016, 04]",122.0,2016,4.0,2185.7352080624187
"[122.0, 2016, 05]",122.0,2016,5.0,2590.5897269180755
"[122.0, 2016, 06]",122.0,2016,6.0,2477.3410273081927
"[122.0, 2016, 07]",122.0,2016,7.0,2585.0055266579975
"[122.0, 2016, 08]",122.0,2016,8.0,2377.8133940182056
"[122.0, 2016, 09]",122.0,2016,9.0,2298.591027308192
"[122.0, 2016, 10]",122.0,2016,10.0,2090.5078023407023
"[122.0, 2016, 11]",122.0,2016,11.0,1772.91677503251
"[122.0, 2016, 12]",122.0,2016,12.0,1742.6425552665803
"[123.0, 2016, 01]",123.0,2016,1.0,1490.6880160120088
"[123.0, 2016, 02]",123.0,2016,2.0,1766.9223167375526
"[123.0, 2016, 03]",123.0,2016,3.0,2057.493870402802
"[123.0, 2016, 04]",123.0,2016,4.0,2129.5230172629467
"[123.0, 2016, 05]",123.0,2016,5.0,2534.9574681010754
"[123.0, 2016, 06]",123.0,2016,6.0,2376.772704528396
"[123.0, 2016, 07]",123.0,2016,7.0,2592.062296722541
"[123.0, 2016, 08]",123.0,2016,8.0,2364.728296222166
"[123.0, 2016, 09]",123.0,2016,9.0,2171.4618463847883
"[123.0, 2016, 10]",123.0,2016,10.0,1960.7195396547406
"[123.0, 2016, 11]",123.0,2016,11.0,1658.3699024268199
"[123.0, 2016, 12]",123.0,2016,12.0,1688.9969977483113
"[124.0, 2016, 01]",124.0,2016,1.0,2052.496398166339
"[124.0, 2016, 02]",124.0,2016,2.0,2387.6607727570404
"[124.0, 2016, 03]",124.0,2016,3.0,2552.9119187950228
"[124.0, 2016, 04]",124.0,2016,4.0,2664.7416502946953
"[124.0, 2016, 05]",124.0,2016,5.0,2350.580550098232
"[124.0, 2016, 06]",124.0,2016,6.0,2009.746234446627
"[124.0, 2016, 07]",124.0,2016,7.0,1637.9993451211526
"[124.0, 2016, 08]",124.0,2016,8.0,1755.9921414538312
"[124.0, 2016, 09]",124.0,2016,9.0,1849.5029469548135
"[124.0, 2016, 10]",124.0,2016,10.0,1917.8356254092994
"[124.0, 2016, 11]",124.0,2016,11.0,2082.666011787819
"[124.0, 2016, 12]",124.0,2016,12.0,1889.5779305828423
"[125.0, 2016, 01]",125.0,2016,1.0,2058.413999564555
"[125.0, 2016, 02]",125.0,2016,2.0,2398.55040278685
"[125.0, 2016, 03]",125.0,2016,3.0,2549.920204659264
"[125.0, 2016, 04]",125.0,2016,4.0,2651.3448726322663
"[125.0, 2016, 05]",125.0,2016,5.0,2338.036903984324
"[125.0, 2016, 06]",125.0,2016,6.0,2008.751905072937
"[125.0, 2016, 07]",125.0,2016,7.0,1622.9544959721313
"[125.0, 2016, 08]",125.0,2016,8.0,1754.0039190071845
"[125.0, 2016, 09]",125.0,2016,9.0,1835.8135205747878
"[125.0, 2016, 10]",125.0,2016,10.0,1894.45895928587
"[125.0, 2016, 11]",125.0,2016,11.0,2088.0522534291313
"[125.0, 2016, 12]",125.0,2016,12.0,1895.9698454169386
"[126.0, 2016, 01]",126.0,2016,1.0,1623.3791150662769
"[126.0, 2016, 02]",126.0,2016,2.0,1850.9288692513528
"[126.0, 2016, 03]",126.0,2016,3.0,2125.2956002240335
"[126.0, 2016, 04]",126.0,2016,4.0,2265.475076233742
"[126.0, 2016, 05]",126.0,2016,5.0,2561.7678138029746
"[126.0, 2016, 06]",126.0,2016,6.0,2379.8795818034723
"[126.0, 2016, 07]",126.0,2016,7.0,2440.6514406621436
"[126.0, 2016, 08]",126.0,2016,8.0,2315.8517642666006
"[126.0, 2016, 09]",126.0,2016,9.0,2278.1261435061288
"[126.0, 2016, 10]",126.0,2016,10.0,2089.6750264484413
"[126.0, 2016, 11]",126.0,2016,11.0,1885.3433318812617
"[126.0, 2016, 12]",126.0,2016,12.0,1640.9757918974424
"[127.0, 2016, 01]",127.0,2016,1.0,2059.854440667947
"[127.0, 2016, 02]",127.0,2016,2.0,2348.8637505541597
"[127.0, 2016, 03]",127.0,2016,3.0,2537.236737106546
"[127.0, 2016, 04]",127.0,2016,4.0,2608.900251219152
"[127.0, 2016, 05]",127.0,2016,5.0,2340.654056450421
"[127.0, 2016, 06]",127.0,2016,6.0,2057.3401802866856
"[127.0, 2016, 07]",127.0,2016,7.0,1686.0203930840846
"[127.0, 2016, 08]",127.0,2016,8.0,1766.3419535983446
"[127.0, 2016, 09]",127.0,2016,9.0,1862.5698241465936
"[127.0, 2016, 10]",127.0,2016,10.0,1860.7972513669274
"[127.0, 2016, 11]",127.0,2016,11.0,2096.940150731491
"[127.0, 2016, 12]",127.0,2016,12.0,1914.042411703857
"[128.0, 2016, 01]",128.0,2016,1.0,1453.6769419096368
"[128.0, 2016, 02]",128.0,2016,2.0,1710.009570442911
"[128.0, 2016, 03]",128.0,2016,3.0,1958.0045626530155
"[128.0, 2016, 04]",128.0,2016,4.0,2229.9924326730466
"[128.0, 2016, 05]",128.0,2016,5.0,2519.252503894947
"[128.0, 2016, 06]",128.0,2016,6.0,2506.812040952592
"[128.0, 2016, 07]",128.0,2016,7.0,2542.5060093478733
"[128.0, 2016, 08]",128.0,2016,8.0,2398.5081237480517
"[128.0, 2016, 09]",128.0,2016,9.0,2300.6914088582234
"[128.0, 2016, 10]",128.0,2016,10.0,2066.137658580013
"[128.0, 2016, 11]",128.0,2016,11.0,1767.1565768973956
"[128.0, 2016, 12]",128.0,2016,12.0,1642.7137769864228
"[129.0, 2016, 01]",129.0,2016,1.0,1419.8174807197943
"[129.0, 2016, 02]",129.0,2016,2.0,1685.6958011996571
"[129.0, 2016, 03]",129.0,2016,3.0,1936.772600685518
"[129.0, 2016, 04]",129.0,2016,4.0,2223.0100685518414
"[129.0, 2016, 05]",129.0,2016,5.0,2519.6163239074554
"[129.0, 2016, 06]",129.0,2016,6.0,2517.3466152527844
"[129.0, 2016, 07]",129.0,2016,7.0,2544.5687660668377
"[129.0, 2016, 08]",129.0,2016,8.0,2425.6597043701795
"[129.0, 2016, 09]",129.0,2016,9.0,2303.6667737789203
"[129.0, 2016, 10]",129.0,2016,10.0,2028.230826906598
"[129.0, 2016, 11]",129.0,2016,11.0,1731.8807840616964
"[129.0, 2016, 12]",129.0,2016,12.0,1621.2051199657237
"[130.0, 2016, 01]",130.0,2016,1.0,1834.549670239076
"[130.0, 2016, 02]",130.0,2016,2.0,1959.7170754328104
"[130.0, 2016, 03]",130.0,2016,3.0,2189.169826875516
"[130.0, 2016, 04]",130.0,2016,4.0,2467.083573784006
"[130.0, 2016, 05]",130.0,2016,5.0,2348.9329657873036
"[130.0, 2016, 06]",130.0,2016,6.0,2026.8563478977749
"[130.0, 2016, 07]",130.0,2016,7.0,1605.9407976092336
"[130.0, 2016, 08]",130.0,2016,8.0,1741.541477741138
"[130.0, 2016, 09]",130.0,2016,9.0,1879.9206512778246
"[130.0, 2016, 10]",130.0,2016,10.0,1883.4167868920044
"[130.0, 2016, 11]",130.0,2016,11.0,1868.979699093158
"[130.0, 2016, 12]",130.0,2016,12.0,1894.679822753505
"[131.0, 2016, 01]",131.0,2016,1.0,1829.8051769949423
"[131.0, 2016, 02]",131.0,2016,2.0,1941.7805348418613
"[131.0, 2016, 03]",131.0,2016,3.0,2190.5708836890376
"[131.0, 2016, 04]",131.0,2016,4.0,2463.637824633581
"[131.0, 2016, 05]",131.0,2016,5.0,2353.8958172623643
"[131.0, 2016, 06]",131.0,2016,6.0,2047.8658181194821
"[131.0, 2016, 07]",131.0,2016,7.0,1588.3991171680814
"[131.0, 2016, 08]",131.0,2016,8.0,1746.3337190365992
"[131.0, 2016, 09]",131.0,2016,9.0,1798.2761635381842
"[131.0, 2016, 10]",131.0,2016,10.0,1870.0954401302824
"[131.0, 2016, 11]",131.0,2016,11.0,1843.5370275134992
"[131.0, 2016, 12]",131.0,2016,12.0,1872.552069940859
"[132.0, 2016, 01]",132.0,2016,1.0,1849.195919902229
"[132.0, 2016, 02]",132.0,2016,2.0,1985.7981573752
"[132.0, 2016, 03]",132.0,2016,3.0,2192.1125317288706
"[132.0, 2016, 04]",132.0,2016,4.0,2468.1554949703877
"[132.0, 2016, 05]",132.0,2016,5.0,2339.2924696813025
"[132.0, 2016, 06]",132.0,2016,6.0,2016.1155400958926
"[132.0, 2016, 07]",132.0,2016,7.0,1626.3406035536343
"[132.0, 2016, 08]",132.0,2016,8.0,1742.9991538967752
"[132.0, 2016, 09]",132.0,2016,9.0,1953.4938422487548
"[132.0, 2016, 10]",132.0,2016,10.0,1892.5572059791307
"[132.0, 2016, 11]",132.0,2016,11.0,1896.95318228824
"[132.0, 2016, 12]",132.0,2016,12.0,1921.2468741186426
"[133.0, 2016, 01]",133.0,2016,1.0,1809.460671152904
"[133.0, 2016, 02]",133.0,2016,2.0,1949.6118365346056
"[133.0, 2016, 03]",133.0,2016,3.0,2176.9807032398962
"[133.0, 2016, 04]",133.0,2016,4.0,2482.7569856054197
"[133.0, 2016, 05]",133.0,2016,5.0,2359.47836356344
"[133.0, 2016, 06]",133.0,2016,6.0,2023.6417398279787
"[133.0, 2016, 07]",133.0,2016,7.0,1633.6283702482292
"[133.0, 2016, 08]",133.0,2016,8.0,1748.65145505593
"[133.0, 2016, 09]",133.0,2016,9.0,1891.4571504969038
"[133.0, 2016, 10]",133.0,2016,10.0,1905.8319889478153
"[133.0, 2016, 11]",133.0,2016,11.0,1855.217567627792
"[133.0, 2016, 12]",133.0,2016,12.0,1880.467534203842
"[134.0, 2016, 01]",134.0,2016,1.0,1829.5677536578362
"[134.0, 2016, 02]",134.0,2016,2.0,1978.7143062063687
"[134.0, 2016, 03]",134.0,2016,3.0,2176.6786363201672
"[134.0, 2016, 04]",134.0,2016,4.0,2478.139954097733
"[134.0, 2016, 05]",134.0,2016,5.0,2347.1549679640425
"[134.0, 2016, 06]",134.0,2016,6.0,2012.3383379554364
"[134.0, 2016, 07]",134.0,2016,7.0,1654.2299416658693
"[134.0, 2016, 08]",134.0,2016,8.0,1752.8247585349525
"[134.0, 2016, 09]",134.0,2016,9.0,1950.6775843932287
"[134.0, 2016, 10]",134.0,2016,10.0,1912.048579898632
"[134.0, 2016, 11]",134.0,2016,11.0,1874.1719900545086
"[134.0, 2016, 12]",134.0,2016,12.0,1909.5555608683176
"[135.0, 2016, 01]",135.0,2016,1.0,1750.0811053024645
"[135.0, 2016, 02]",135.0,2016,2.0,1983.8195668409262
"[135.0, 2016, 03]",135.0,2016,3.0,2192.8401792382374
"[135.0, 2016, 04]",135.0,2016,4.0,2449.327557879014
"[135.0, 2016, 05]",135.0,2016,5.0,2620.110231516057
"[135.0, 2016, 06]",135.0,2016,6.0,2577.4277819268113
"[135.0, 2016, 07]",135.0,2016,7.0,2421.0371919342792
"[135.0, 2016, 08]",135.0,2016,8.0,2382.6606422703517
"[135.0, 2016, 09]",135.0,2016,9.0,2102.8918595967143
"[135.0, 2016, 10]",135.0,2016,10.0,2120.893203883495
"[135.0, 2016, 11]",135.0,2016,11.0,1743.7523525018669
"[135.0, 2016, 12]",135.0,2016,12.0,1559.1008215085885
"[136.0, 2016, 01]",136.0,2016,1.0,1792.6635064383754
"[136.0, 2016, 02]",136.0,2016,2.0,1926.4093674826659
"[136.0, 2016, 03]",136.0,2016,3.0,2183.4280458468934
"[136.0, 2016, 04]",136.0,2016,4.0,2481.662232913541
"[136.0, 2016, 05]",136.0,2016,5.0,2365.6316683175323
"[136.0, 2016, 06]",136.0,2016,6.0,2045.3220602801753
"[136.0, 2016, 07]",136.0,2016,7.0,1605.840809395783
"[136.0, 2016, 08]",136.0,2016,8.0,1747.9392953162585
"[136.0, 2016, 09]",136.0,2016,9.0,1817.7820857506717
"[136.0, 2016, 10]",136.0,2016,10.0,1892.9752370171216
"[136.0, 2016, 11]",136.0,2016,11.0,1826.189472194708
"[136.0, 2016, 12]",136.0,2016,12.0,1841.1361256544503
"[137.0, 2016, 01]",137.0,2016,1.0,1829.6370857299369
"[137.0, 2016, 02]",137.0,2016,2.0,2234.231443440153
"[137.0, 2016, 03]",137.0,2016,3.0,2481.7310325938097
"[137.0, 2016, 04]",137.0,2016,4.0,2724.3519583675707
"[137.0, 2016, 05]",137.0,2016,5.0,2879.668036154478
"[137.0, 2016, 06]",137.0,2016,6.0,2641.2191180498494
"[137.0, 2016, 07]",137.0,2016,7.0,2304.3878389482334
"[137.0, 2016, 08]",137.0,2016,8.0,2049.0701177759515
"[137.0, 2016, 09]",137.0,2016,9.0,2500.326211996713
"[137.0, 2016, 10]",137.0,2016,10.0,2298.046014790468
"[137.0, 2016, 11]",137.0,2016,11.0,2049.2623938646943
"[137.0, 2016, 12]",137.0,2016,12.0,1772.922486989866
"[138.0, 2016, 01]",138.0,2016,1.0,1811.6388518024028
"[138.0, 2016, 02]",138.0,2016,2.0,2190.33044058745
"[138.0, 2016, 03]",138.0,2016,3.0,2378.0654205607475
"[138.0, 2016, 04]",138.0,2016,4.0,2613.682576769025
"[138.0, 2016, 05]",138.0,2016,5.0,2818.1605473965287
"[138.0, 2016, 06]",138.0,2016,6.0,2649.4479305740983
"[138.0, 2016, 07]",138.0,2016,7.0,2407.108477970627
"[138.0, 2016, 08]",138.0,2016,8.0,2168.151201602136
"[138.0, 2016, 09]",138.0,2016,9.0,2495.3100801068085
"[138.0, 2016, 10]",138.0,2016,10.0,2266.8197596795726
"[138.0, 2016, 11]",138.0,2016,11.0,1992.90520694259
"[138.0, 2016, 12]",138.0,2016,12.0,1730.1819092122828
"[139.0, 2016, 01]",139.0,2016,1.0,1395.5237472766885
"[139.0, 2016, 02]",139.0,2016,2.0,1928.5936819172114
"[139.0, 2016, 03]",139.0,2016,3.0,2328.8211328976035
"[139.0, 2016, 04]",139.0,2016,4.0,2618.023965141612
"[139.0, 2016, 05]",139.0,2016,5.0,2790.4734204793026
"[139.0, 2016, 06]",139.0,2016,6.0,2444.8976034858383
"[139.0, 2016, 07]",139.0,2016,7.0,2721.2215686274512
"[139.0, 2016, 08]",139.0,2016,8.0,2390.5701525054465
"[139.0, 2016, 09]",139.0,2016,9.0,2258.897385620915
"[139.0, 2016, 10]",139.0,2016,10.0,1789.565577342048
"[139.0, 2016, 11]",139.0,2016,11.0,1854.5248366013075
"[139.0, 2016, 12]",139.0,2016,12.0,1651.2237472766885
"[140.0, 2016, 01]",140.0,2016,1.0,1801.0826326002586
"[140.0, 2016, 02]",140.0,2016,2.0,2170.5004851228978
"[140.0, 2016, 03]",140.0,2016,3.0,2344.691300129366
"[140.0, 2016, 04]",140.0,2016,4.0,2577.3717658473483
"[140.0, 2016, 05]",140.0,2016,5.0,2803.6547542043986
"[140.0, 2016, 06]",140.0,2016,6.0,2654.8858344113846
"[140.0, 2016, 07]",140.0,2016,7.0,2465.9966041397156
"[140.0, 2016, 08]",140.0,2016,8.0,2197.203913324709
"[140.0, 2016, 09]",140.0,2016,9.0,2515.137613195343
"[140.0, 2016, 10]",140.0,2016,10.0,2255.211513583441
"[140.0, 2016, 11]",140.0,2016,11.0,1967.2737710219922
"[140.0, 2016, 12]",140.0,2016,12.0,1714.242399741268
"[141.0, 2016, 01]",141.0,2016,1.0,1181.8278790022996
"[141.0, 2016, 02]",141.0,2016,2.0,1785.4273836900757
"[141.0, 2016, 03]",141.0,2016,3.0,2130.546258623739
"[141.0, 2016, 04]",141.0,2016,4.0,2529.7693260215815
"[141.0, 2016, 05]",141.0,2016,5.0,2724.094816911374
"[141.0, 2016, 06]",141.0,2016,6.0,2441.2324429506452
"[141.0, 2016, 07]",141.0,2016,7.0,2630.4303909428613
"[141.0, 2016, 08]",141.0,2016,8.0,2290.9014682469483
"[141.0, 2016, 09]",141.0,2016,9.0,2126.8273483106314
"[141.0, 2016, 10]",141.0,2016,10.0,1736.7551742437643
"[141.0, 2016, 11]",141.0,2016,11.0,1701.187687953299
"[141.0, 2016, 12]",141.0,2016,12.0,1433.907128958075
"[142.0, 2016, 01]",142.0,2016,1.0,1196.7623822546338
"[142.0, 2016, 02]",142.0,2016,2.0,1804.2709409500658
"[142.0, 2016, 03]",142.0,2016,3.0,2158.4232756001215
"[142.0, 2016, 04]",142.0,2016,4.0,2543.122759039806
"[142.0, 2016, 05]",142.0,2016,5.0,2732.932340727236
"[142.0, 2016, 06]",142.0,2016,6.0,2447.8549579661703
"[142.0, 2016, 07]",142.0,2016,7.0,2650.36270637091
"[142.0, 2016, 08]",142.0,2016,8.0,2303.705864478882
"[142.0, 2016, 09]",142.0,2016,9.0,2153.020763698977
"[142.0, 2016, 10]",142.0,2016,10.0,1740.092778284209
"[142.0, 2016, 11]",142.0,2016,11.0,1697.9812620277523
"[142.0, 2016, 12]",142.0,2016,12.0,1449.403828623519
"[143.0, 2016, 01]",143.0,2016,1.0,1174.1974416017797
"[143.0, 2016, 02]",143.0,2016,2.0,1800.8533092324806
"[143.0, 2016, 03]",143.0,2016,3.0,2102.190489432703
"[143.0, 2016, 04]",143.0,2016,4.0,2542.563820912125
"[143.0, 2016, 05]",143.0,2016,5.0,2725.4720522803113
"[143.0, 2016, 06]",143.0,2016,6.0,2452.4224137931037
"[143.0, 2016, 07]",143.0,2016,7.0,2661.8626251390438
"[143.0, 2016, 08]",143.0,2016,8.0,2290.2132925472747
"[143.0, 2016, 09]",143.0,2016,9.0,2108.326195773081
"[143.0, 2016, 10]",143.0,2016,10.0,1746.529060066741
"[143.0, 2016, 11]",143.0,2016,11.0,1691.1669911012236
"[143.0, 2016, 12]",143.0,2016,12.0,1396.8470522803116
